1,2,3,4,5,6,7,8,9,10,11,12,13,14,15,16,17,18,19,20,21,22,23,24,25,26,27,28,29,30,31,32,33,34,35,36,37,38,39,40,41,42,43,44,45
23.7,16.0,0.6,0.685,35.4925,35.5325,34.0675,34.2,35.8175,35.48,35.8175,35.835,35.7,35.58,35.7,35.72,35.17,35.1975,35.8475,35.825,34.0675,34.1,34.015,33.7725,34.2325,35.025,34.5725,35.9975,35.97,35.9975,0,1,0,0,0,0,0,0,0,0,0,0,1,36.94,train
22.6,13.5,0.62,0.6125,35.2175,35.2025,34.2775,34.57,35.4225,35.175,35.42,35.4525,35.1725,35.1725,34.79,35.205,34.9325,34.4575,35.4525,35.425,33.7,33.405,33.27,33.54,33.5125,34.94,34.26,35.8025,35.485,35.5325,0,0,0,0,0,0,0,0,0,0,0,0,1,36.59,train
24.0,27.2,0.6,1.285,35.2475,35.26,34.375,34.6525,35.4725,35.32,35.465,35.495,35.2975,35.265,35.2525,35.325,34.69,34.9025,35.495,35.475,33.615,33.94,33.455,33.2275,34.1125,35.035,34.3375,35.7625,35.4075,35.4275,0,1,0,0,0,0,0,0,0,0,0,0,1,36.79,train
21.6,40.4,0.75,0.52,34.6033333,34.5166667,33.7133333,34.05,34.7533333,34.4533333,34.7133333,34.8266667,34.57,34.4566667,34.52,34.68,34.2566667,34.2866667,34.8266667,34.7633333,33.54,33.5666667,33.51,33.57,33.9566667,34.7566667,34.4366667,35.4766667,35.44,35.4766667,0,0,0,0,0,0,0,0,1,0,0,0,0,36.74,train
24.4,26.1,0.7,0.72,34.5025,34.1225,33.54,33.6175,34.495,34.465,34.43,34.535,34.105,34.105,33.73,34.1225,34.2475,33.5725,34.535,34.495,33.35,33.35,33.0375,32.8925,33.3125,34.525,33.805,35.7525,35.5475,35.5725,0,0,0,0,0,0,0,1,0,1,0,0,0,36.79,train
22.6,15.9,0.68,0.6675,35.045,34.915,33.9325,34.355,35.0225,34.935,34.73,35.0675,34.87,34.87,34.4175,34.915,34.5875,33.9425,35.0775,35.045,33.24,33.57,33.1125,33.065,33.3225,34.925,33.925,35.38,35.105,35.17,0,1,0,0,0,0,0,0,0,0,0,0,1,36.24,train
22.8,17.0,0.6,-0.0066667,34.84,35.15,34.4266667,34.8466667,34.8433333,34.8233333,34.7866667,34.8766667,35.1433333,35.1433333,34.87,35.1566667,34.5633333,34.74,35.1566667,35.1433333,33.9066667,34.0466667,34.0533333,33.9633333,34.34,34.9366667,34.78,36.02,35.9666667,36.0133333,0,0,0,0,0,0,0,0,0,1,0,0,0,36.84,train
24.0,44.9,0.56,1.2575,35.235,35.97,34.5775,34.7175,36.1725,35.32,36.065,36.2,36.0725,35.9,36.0525,36.095,35.0,35.63,36.2075,36.185,33.87,33.505,33.6275,33.875,34.425,34.9325,34.6825,36.3525,35.9175,35.945,0,0,0,0,0,0,0,0,1,0,0,0,0,37.39,train
25.4,36.3,0.6,1.295,35.2475,35.2,34.8325,34.6275,35.265,35.225,35.07,35.2825,35.28,35.1725,35.2625,35.31,34.8975,35.055,35.31,35.285,33.32,33.155,33.5225,33.3875,33.53,33.9275,33.7775,35.81,35.8,35.81,0,0,0,0,0,0,0,0,0,0,0,0,1,37.04,train
23.3,46.9,0.76,0.7425,34.6975,35.01,32.9325,33.9725,35.055,34.6575,35.055,35.0875,35.035,35.0,34.78,35.06,34.5175,34.39,35.0925,35.07,33.6125,33.67,33.8475,33.6025,33.8075,34.6225,34.225,35.3275,35.0675,35.11,0,1,0,0,0,0,0,0,0,0,0,0,1,36.74,train
24.3,16.9,0.6,0.99666667,35.05,35.1566667,34.6366667,34.84,35.0166667,35.0166667,34.8066667,35.0533333,35.14,35.14,35.0066667,35.1766667,34.6866667,34.9733333,35.2166667,35.1633333,34.2,34.4966667,34.3466667,34.22,34.3366667,35.2866667,34.7666667,35.5133333,35.24,35.2766667,1,0,0,0,0,0,0,0,0,1,0,0,0,36.44,train
25.0,30.0,0.8,0.5875,35.105,34.87,34.2725,34.0275,35.1,35.075,34.94,35.1625,34.8525,34.8525,34.32,34.88,34.7075,33.895,35.1625,35.105,33.7275,33.4025,33.3925,33.46,33.555,34.1325,33.9975,35.68,35.4425,35.49,0,0,0,0,0,0,0,0,0,0,0,0,1,36.49,train
26.5,41.8,0.68,1.86,36.8825,36.6925,36.2225,36.205,36.865,36.8625,36.755,36.885,36.6775,36.6775,36.5875,36.6925,36.7,36.36,36.885,36.865,35.47,34.97,35.285,35.0975,35.175,35.98,35.7475,37.0775,36.875,36.9225,1,0,0,0,0,0,0,0,0,0,0,0,1,38.44,train
24.2,39.0,0.6,0.9625,35.825,36.195,35.4325,35.695,35.8175,35.8175,35.7125,35.84,36.15,36.1425,35.9425,36.195,35.635,35.9375,36.195,36.15,34.6825,34.875,34.86,35.03,35.0775,35.8525,35.5425,36.5375,36.2975,36.3275,0,1,0,0,0,0,0,0,1,0,0,0,0,37.74,train
24.1,28.4,0.65,1.15,35.17,35.625,32.9475,35.1175,35.345,35.1575,35.345,35.375,35.635,35.635,35.435,35.655,34.835,35.3125,35.6525,35.635,33.9575,34.545,34.1375,34.28,34.32,34.9425,34.7275,35.895,35.7075,35.7525,0,0,0,0,0,0,0,0,0,0,0,0,1,36.94,train
28.2,14.6,0.7,0.58,35.2325,35.2525,34.3725,34.68,35.535,35.4775,35.4425,35.57,35.2375,35.2275,35.145,35.275,34.6,34.8575,35.635,35.615,34.875,34.8125,34.6375,34.72,34.9025,35.9875,35.1,35.9875,34.765,34.7975,0,0,0,0,1,0,0,0,1,0,0,0,0,36.54,train
24.7,22.3,0.6,0.9725,35.6525,35.0375,34.045,33.525,35.755,35.625,35.66,35.775,35.1475,35.0675,35.1,35.1775,35.385,34.685,35.82,35.8075,34.7075,34.7225,34.3625,34.4975,34.6,35.5925,35.415,36.1825,36.13,36.165,1,0,0,1,0,0,0,0,1,0,0,0,0,36.79,train
23.7,13.9,0.6,0.735,35.6075,35.6925,34.5675,35.1875,35.7025,35.6075,35.7,35.74,35.7325,35.73,35.48,35.75,35.4575,35.32,35.765,35.7425,34.8325,34.62,34.715,34.6675,34.7825,35.4825,35.1725,35.8075,35.45,35.475,1,1,0,0,0,0,0,0,0,0,0,0,1,36.49,train
24.3,28.5,0.6,1.17333333,36.9033333,36.6166667,36.0033333,35.8433333,36.8733333,36.8733333,36.6966667,36.9033333,36.6166667,36.6166667,36.52,36.6266667,36.57,36.13,36.9033333,36.8733333,35.9633333,36.0166667,35.1833333,36.0866667,35.6566667,36.5933333,36.5033333,37.1466667,37.0733333,37.1033333,1,0,0,0,0,0,0,0,0,0,0,0,1,38.14,train
23.9,15.3,,0.7775,35.62,35.6275,34.365,33.8125,35.6675,35.5975,35.5925,35.7025,35.6425,35.5975,35.505,35.685,35.3475,35.295,35.725,35.695,33.4375,33.59,33.84,33.1125,33.35,34.8675,34.4825,36.335,36.0425,36.08,1,0,0,0,0,0,0,0,0,0,0,0,1,37.49,train
23.5,17.6,0.56,0.955,35.2375,35.0875,34.3225,34.285,35.3175,35.2575,35.2325,35.3575,35.16,35.0625,35.15,35.185,34.77,34.8125,35.355,35.3175,34.0825,33.995,34.28,33.685,34.505,34.9825,34.62,35.7675,35.605,35.64,0,1,0,0,0,0,0,0,0,0,0,0,1,36.94,train
25.7,30.4,0.6,0.475,36.18,35.5925,35.6575,35.165,36.17,36.1475,36.155,36.195,35.595,35.575,35.5325,35.6175,36.08,35.32,36.195,36.17,35.0075,35.2325,34.82,34.8625,35.09,35.455,35.4425,36.3825,36.225,36.2475,0,1,0,0,0,0,0,0,0,0,0,0,1,37.09,train
23.9,15.6,0.68,0.8175,35.155,35.2475,34.5625,34.815,35.2875,35.175,35.285,35.3225,35.325,35.2375,35.21,35.3625,34.9325,34.9025,35.4925,35.465,34.4075,34.5,34.705,34.335,34.59,35.79,35.16,36.05,35.8025,35.8325,0,1,0,0,0,0,0,0,0,1,0,0,0,36.89,train
22.0,34.4,0.6,1.475,35.9225,36.115,35.5125,35.5375,35.9025,35.9,35.715,35.93,36.0825,36.0825,35.6425,36.145,35.6375,35.545,36.1425,36.0825,35.1625,34.8975,34.9125,35.3225,35.3575,35.6075,35.565,36.2725,36.005,36.0225,1,0,0,0,0,0,0,0,0,0,1,0,0,37.24,train
24.0,20.1,0.6,0.75,34.8875,35.62,32.7675,34.7225,35.2175,34.9975,35.1675,35.2625,35.6025,35.5975,35.475,35.625,34.1725,35.155,35.625,35.6025,34.1225,33.99,33.92,34.1025,34.3825,34.9775,34.4925,35.8075,35.0025,35.0325,0,0,0,0,0,0,0,0,0,0,0,0,1,37.04,train
23.4,16.3,0.6,0.8775,35.665,35.5775,34.455,34.8225,35.795,35.65,35.7925,35.83,35.605,35.5675,35.59,35.625,35.2775,35.34,35.83,35.795,34.93,35.3675,34.695,34.56,35.14,35.6475,35.565,35.9575,35.8925,35.9225,0,0,0,0,0,0,0,0,0,0,0,0,1,37.19,train
23.8,28.5,0.6,0.6775,36.085,36.065,35.6125,35.68,36.0425,36.0275,35.89,36.085,36.0475,36.0475,35.8475,36.065,35.8675,35.8525,36.0975,36.07,34.745,34.5625,34.57,34.5225,34.7875,35.3575,35.1725,36.135,35.865,35.8825,1,1,0,0,0,0,0,0,0,0,0,0,1,37.24,train
23.5,14.2,0.6,0.115,35.495,35.0425,35.1625,34.7175,35.67,35.4625,35.6325,35.71,35.1025,35.0825,35.0525,35.1225,35.3625,34.8725,35.7275,35.6875,34.605,34.685,34.5675,34.7175,34.5925,35.0775,35.015,35.995,35.8325,35.8575,0,0,0,0,0,0,0,0,0,0,0,0,1,36.84,train
23.6,27.5,0.6,0.9275,35.245,35.665,34.2425,34.8625,35.2925,35.2825,35.25,35.315,35.65,35.645,35.52,35.6725,34.67,35.2725,35.6725,35.65,34.325,34.1025,34.7775,34.2875,34.0675,35.0675,34.885,35.7675,35.315,35.3475,1,0,0,0,0,0,0,0,0,0,0,0,1,36.89,train
22.9,13.5,0.65,0.7775,36.065,36.2675,35.405,35.6875,36.1575,36.04,36.1325,36.1975,36.2575,36.2525,36.1325,36.285,35.695,35.93,36.285,36.2625,34.6425,34.53,34.5925,34.52,34.9675,35.6475,35.1,36.455,36.365,36.385,0,1,0,0,0,0,0,0,0,1,0,0,0,37.49,train
24.1,18.8,0.65,0.88,36.1325,35.945,35.58,35.21,36.13,36.1025,36.085,36.15,35.96,35.9325,35.9325,35.975,35.8525,35.7,36.15,36.13,34.9675,35.225,35.205,35.0,35.1125,35.6575,35.485,36.2675,35.7925,35.825,1,0,0,0,0,0,0,0,0,0,0,0,1,36.94,train
24.5,24.9,0.7,1.0175,36.5525,36.6325,36.1425,36.255,36.5575,36.5275,36.3875,36.5875,36.64,36.595,36.535,36.655,36.23,36.415,36.6925,36.6775,35.465,35.7175,35.71,35.7425,35.8025,36.59,36.14,37.0875,37.04,37.0575,1,1,0,0,0,0,0,0,0,1,0,0,0,38.49,train
23.0,13.3,0.78,0.7325,35.9325,36.0025,35.13,35.565,36.01,35.9525,36.0025,36.0525,36.045,36.045,35.3375,36.0575,35.5575,35.32,36.12,36.0925,33.9025,34.1525,33.78,33.8375,34.3325,35.5825,34.93,36.535,36.24,36.2675,0,0,0,0,0,0,0,0,0,0,0,0,1,37.64,train
23.6,33.9,0.69,0.825,35.71,35.5125,34.925,34.8675,35.7675,35.76,35.34,35.7825,35.515,35.515,35.045,35.54,35.18,34.8,35.7825,35.7675,34.6825,34.1675,34.3125,34.6675,34.56,35.2675,35.04,35.97,35.2275,35.2625,0,0,0,1,0,0,0,0,0,0,0,0,1,36.29,train
24.4,34.9,0.7,1.12,35.8025,35.6325,35.3175,35.0125,35.795,35.7925,35.69,35.8125,35.6675,35.6675,35.5075,35.6925,35.575,35.11,35.8125,35.795,34.2375,34.1625,34.015,34.09,34.285,35.4275,34.905,36.41,36.385,36.41,0,0,0,0,0,0,0,0,0,0,0,0,1,37.24,train
26.3,30.7,0.65,1.1375,36.1425,35.9075,35.87,35.6625,36.1375,36.1275,36.1025,36.155,35.8925,35.885,35.775,35.915,35.9975,35.6975,36.1525,36.1375,35.3,35.13,34.99,35.09,35.1925,35.6125,35.4975,36.34,36.2225,36.2675,1,0,0,0,0,0,0,0,0,0,0,0,1,37.04,train
21.4,42.9,0.64,0.23,34.865,35.0775,34.32,34.2275,34.8525,34.8525,34.7175,34.8725,35.05,35.05,34.6525,35.08,34.545,34.4175,35.0775,35.05,34.26,34.0875,34.1775,34.08,34.2875,35.065,34.665,35.3775,34.92,34.98,1,1,0,0,0,0,0,0,0,0,0,0,1,36.34,train
26.8,29.0,0.6,1.5325,35.7225,35.8575,34.9775,35.25,35.79,35.7775,35.66,35.81,35.86,35.8575,35.7475,35.88,35.4025,35.5125,35.88,35.865,35.4775,35.48,35.505,35.3,35.4,35.8625,35.7275,36.2925,36.07,36.09,0,1,0,0,0,0,0,0,0,0,0,0,1,37.04,train
24.7,48.4,0.6,0.9725,35.75,36.12,35.1675,35.65,35.8975,35.7375,35.8825,35.9325,36.0775,36.0775,35.6275,36.12,35.5175,35.5625,36.12,36.0775,34.6675,34.8925,34.4525,34.4325,34.865,36.125,35.1475,36.3675,35.88,35.935,0,0,0,0,0,0,0,0,0,1,0,0,0,36.89,train
21.5,42.1,0.63,0.57,35.565,35.4725,34.905,34.8075,35.5375,35.5375,35.2875,35.565,35.455,35.455,35.345,35.4725,35.0075,35.0725,35.565,35.5375,34.6575,34.58,34.4975,34.32,34.6275,35.3075,34.9825,35.7575,35.53,35.5575,1,1,0,0,0,0,0,0,1,0,0,0,0,36.74,train
23.5,17.6,0.63,1.03,35.43,35.2825,34.9575,34.825,35.4025,35.4025,35.2675,35.4325,35.4275,35.3375,35.425,35.46,35.185,34.8675,35.4825,35.4475,34.255,34.0625,34.135,34.2225,34.1125,34.89,34.525,35.84,35.7975,35.84,0,0,0,0,0,0,0,0,0,0,0,1,0,37.04,train
22.1,42.1,0.59,0.4325,36.015,35.8425,35.0825,35.1975,36.005,36.005,35.7875,36.04,35.835,35.835,35.6425,35.8575,35.175,35.29,36.04,36.0025,34.2775,33.805,33.9625,33.9575,34.7575,35.23,34.92,36.055,35.525,35.5525,0,0,0,0,0,0,0,0,0,0,0,0,1,37.19,train
23.0,14.5,0.7,0.8175,35.48,35.8125,34.7175,35.035,35.445,35.4425,35.3075,35.48,35.765,35.765,35.3125,35.8125,35.08,35.15,35.8125,35.765,34.525,34.315,34.545,34.3625,34.6625,35.445,34.9175,36.275,36.2325,36.275,0,0,0,0,0,0,0,0,0,0,0,0,1,37.09,train
23.8,23.8,0.6,0.93,35.475,35.25,34.9375,34.61,35.4775,35.4475,35.375,35.515,35.2675,35.2675,34.7725,35.29,35.065,34.42,35.5125,35.4775,34.3375,34.56,34.4975,34.2725,34.7275,35.3025,35.045,36.0775,36.0325,36.0775,0,0,0,0,0,0,0,0,0,0,1,0,0,37.09,train
23.5,52.5,0.74,0.9275,34.9625,35.1125,34.6,34.66,35.0425,35.04,34.875,35.0675,35.2125,35.2125,34.7125,35.2525,34.695,34.5,35.2525,35.22,34.8325,34.43,34.515,34.5375,34.9625,35.53,35.1925,35.9275,35.795,35.835,0,0,0,1,0,0,0,0,1,0,0,0,0,37.04,train
23.8,14.7,0.6,0.7575,35.545,35.41,34.9025,34.95,35.5325,35.5325,35.2575,35.57,35.3825,35.3825,35.035,35.4125,34.9325,34.54,35.5675,35.53,34.3275,34.3825,34.6675,34.3625,34.295,35.1775,34.8475,35.8375,35.515,35.5525,1,0,0,1,0,0,0,0,0,0,0,0,1,36.69,train
24.0,28.7,0.6,0.9925,34.9675,34.8725,33.97,33.9575,34.96,34.9575,34.8675,34.9925,34.855,34.855,34.8125,34.8725,34.765,34.7025,35.0,34.97,33.84,33.8225,34.2225,33.68,34.1225,35.095,34.4775,35.5575,35.5225,35.5475,0,0,0,0,0,0,0,0,0,0,1,0,0,37.09,train
22.0,30.0,0.6,1.02,35.11,35.05,34.37,34.3325,35.3025,35.19,35.1675,35.3675,35.155,35.09,34.8825,35.1825,34.5725,34.65,35.365,35.3175,35.1175,34.94,34.7725,34.92,34.695,35.6125,35.2725,35.78,35.1575,35.195,1,0,0,0,0,0,0,0,0,0,0,0,1,36.54,train
24.0,28.0,0.8,0.7025,35.03,35.3775,34.4,34.9175,34.985,34.985,34.7625,35.0325,35.3375,35.3375,34.485,35.3775,34.785,34.465,35.3775,35.3375,33.5775,33.4775,33.3725,33.4925,33.0025,34.53,34.0075,35.6925,35.635,35.6525,1,0,0,0,0,1,0,0,0,0,0,0,1,36.59,train
22.1,21.5,0.7,0.7275,35.0,34.9225,34.4975,34.55,35.0725,35.02,34.9625,35.1025,34.9875,34.9875,34.7775,35.0225,34.38,34.4175,35.235,35.2125,34.66,34.855,34.78,34.6325,34.7125,35.4875,35.1375,36.2225,36.1725,36.2225,1,0,0,0,0,0,0,0,1,0,0,0,0,37.19,train
23.9,30.4,0.6,-0.325,35.625,35.6925,34.77,35.015,36.0975,35.6275,36.045,36.115,35.7275,35.6675,35.5775,35.7475,35.42,35.38,36.115,36.0975,34.4075,34.655,34.7275,34.38,34.245,35.1625,35.1375,36.55,36.5225,36.55,0,1,0,0,0,0,0,0,0,0,0,0,1,37.89,train
25.9,25.0,0.6,0.8375,35.66,35.5625,35.415,35.3225,35.76,35.6775,35.74,35.78,35.6475,35.64,35.5975,35.675,35.5675,35.39,35.78,35.7575,34.9225,34.8875,34.7475,34.48,34.95,35.8675,35.345,36.0425,35.85,35.88,0,0,0,0,0,0,0,0,0,0,0,0,1,36.99,train
24.7,61.2,0.67,1.2975,35.3125,35.635,34.46,34.975,35.38,35.3225,35.3675,35.39,35.6425,35.635,35.5375,35.66,34.93,35.2225,35.66,35.6425,34.7125,34.315,34.0725,34.4175,34.705,35.2275,34.9875,36.41,36.38,36.41,0,0,0,0,0,0,0,0,0,0,0,0,1,37.44,train
24.0,20.1,0.6,0.7275,35.8375,35.8925,34.2225,34.305,35.9825,35.7825,35.8925,36.02,35.9,35.86,35.83,35.925,35.46,35.375,36.0175,35.9825,33.75,33.22,33.65,33.4575,34.02,34.825,34.39,36.185,35.75,35.79,1,0,0,0,0,0,1,0,0,0,0,0,1,36.69,train
24.1,14.5,0.7,0.92,35.5825,35.6225,34.9275,35.2625,35.615,35.53,35.61,35.64,35.64,35.615,35.6025,35.6525,35.4825,35.37,35.6725,35.6575,34.5925,35.005,34.9875,34.755,34.77,35.3025,35.2825,36.09,36.0675,36.09,0,1,0,0,0,0,0,0,0,0,0,0,1,36.94,train
21.3,55.5,0.76,0.8675,34.9875,34.9175,34.64,34.5825,34.965,34.965,34.825,34.9875,34.9225,34.915,34.825,34.945,34.7375,34.7125,35.0275,35.0075,33.805,33.67,33.9525,33.905,33.7075,34.92,34.3875,35.595,35.475,35.525,1,1,0,0,0,0,0,0,1,0,0,0,0,36.79,train
23.2,18.4,0.72,1.17,35.645,35.3925,35.21,35.1475,35.605,35.6025,35.4125,35.645,35.3975,35.3675,35.37,35.4275,35.22,35.1725,35.645,35.615,34.4025,34.495,34.37,34.6625,34.2775,35.3225,35.1175,35.9925,35.775,35.81,0,0,0,0,0,0,0,0,1,0,0,0,0,37.14,train
23.2,21.0,0.71,0.98,35.8875,35.975,34.8625,35.6325,35.89,35.8575,35.865,35.9225,35.945,35.9425,35.765,35.975,35.7,35.5575,35.9875,35.96,34.9075,34.6225,34.7625,34.7825,34.6175,35.2225,35.0675,36.305,36.1325,36.1675,1,0,0,1,0,0,0,0,0,0,0,0,1,36.79,train
24.3,19.0,0.6,0.9875,36.42,36.46,35.2475,35.7625,36.485,36.47,36.4,36.5075,36.515,36.515,36.38,36.55,35.7825,35.7625,36.5625,36.53,35.3475,34.9275,34.84,35.0125,35.43,36.0125,35.8,36.7025,36.0475,36.1225,1,0,0,0,0,0,0,0,0,0,0,0,1,37.94,train
23.4,17.9,0.6,0.0125,35.34,35.2675,34.7675,34.755,35.3275,35.3225,35.18,35.3575,35.2375,35.2375,35.0425,35.2675,35.0925,35.0325,35.355,35.3275,33.7225,34.0675,33.8975,33.755,33.645,34.4,34.335,35.4675,35.025,35.045,0,0,0,0,0,0,0,0,0,0,1,0,0,36.54,train
24.7,27.3,0.64,0.635,35.54,35.615,35.1125,35.1625,35.5225,35.52,35.425,35.54,35.6125,35.6125,35.53,35.63,35.255,35.365,35.6325,35.6175,34.9125,34.52,34.9225,34.625,34.9425,35.3025,35.1225,35.7925,35.585,35.6175,1,1,0,0,0,0,0,0,0,0,0,0,1,36.74,train
23.4,11.7,0.6,0.6625,35.13,35.0575,34.3725,33.825,35.2075,35.1975,35.095,35.235,35.2825,35.19,35.265,35.31,34.6975,34.82,35.3675,35.33,34.3375,34.19,34.7825,34.3375,34.3775,35.35,34.9075,35.5975,34.8925,34.9475,1,1,0,0,0,0,0,0,0,0,0,1,0,36.59,train
25.1,34.1,0.65,1.0975,35.7825,35.9225,34.92,35.245,35.9325,35.7425,35.9325,35.9575,35.8925,35.88,35.79,35.9225,35.63,35.69,35.9675,35.945,34.095,34.025,34.1325,34.36,33.865,34.7625,34.575,36.2675,36.205,36.225,1,1,0,0,0,0,0,0,0,0,0,0,1,37.39,train
25.3,31.8,0.7,1.685,35.9775,36.1025,34.7025,35.345,35.9925,35.97,35.93,36.0225,36.1625,36.155,36.11,36.175,35.345,35.7075,36.1725,36.1625,34.935,34.9725,34.8525,34.785,35.005,35.6675,35.24,36.175,35.45,35.4825,0,0,0,0,0,0,0,0,0,0,0,0,1,37.09,train
23.2,13.3,0.67,1.46,35.6175,35.3875,34.915,34.9625,35.6625,35.5975,35.655,35.685,35.44,35.3775,35.3475,35.47,35.3575,35.0175,35.685,35.6625,34.9775,34.68,35.025,34.985,34.1325,35.375,35.315,35.685,35.48,35.4975,1,0,0,0,0,0,0,0,1,0,0,0,0,36.89,train
21.7,43.9,0.69,0.705,34.955,34.7825,33.015,34.065,35.0575,34.985,35.0075,35.0825,34.8275,34.825,34.7325,34.86,34.6625,34.4275,35.085,35.06,33.92,34.0175,33.7475,33.94,33.7375,35.135,34.405,35.5125,35.22,35.245,1,0,0,0,0,0,0,0,0,1,0,0,0,36.49,train
21.8,39.2,0.7,0.5925,34.6675,34.26,33.74,33.2625,34.765,34.76,34.245,34.795,34.685,34.56,34.66,34.715,34.01,33.895,34.8725,34.845,34.255,33.92,34.3975,34.1425,34.1575,35.0075,34.815,35.21,34.2575,34.28,0,0,0,0,0,0,0,0,1,0,0,0,0,36.79,train
23.9,15.3,0.64,0.5725,35.175,35.705,34.49,34.81,35.41,35.3,35.3925,35.44,35.8325,35.8325,35.63,35.865,34.6775,34.9325,35.865,35.8325,34.77,34.5225,33.79,34.61,35.0,35.73,35.33,35.9775,35.8675,35.8925,1,1,0,0,0,0,0,0,0,0,0,0,1,36.84,train
23.3,9.9,0.6,0.48,36.1225,35.9225,35.06,35.35,36.0875,36.0875,35.775,36.1225,35.9,35.895,35.8175,35.9275,35.5975,35.165,36.1225,36.0875,35.1025,34.9075,35.1725,34.9925,35.325,35.725,35.6175,36.38,36.0375,36.09,0,1,0,0,0,0,0,0,0,0,0,0,1,37.19,train
24.5,54.0,0.75,1.13,35.71,35.845,35.19,35.4625,35.665,35.665,35.435,35.71,35.8225,35.8225,35.535,35.845,35.0925,35.4825,35.845,35.8225,34.4075,34.535,34.695,34.375,34.505,35.3275,34.9075,36.185,35.9175,35.9525,0,0,0,0,0,0,0,0,0,1,0,0,0,36.94,train
23.4,14.1,0.65,0.91,35.25,35.8,34.735,35.3975,35.2925,35.235,35.25,35.3075,35.775,35.775,35.59,35.805,34.9975,35.45,35.8,35.775,34.1925,34.2575,33.895,34.05,34.3075,35.06,34.485,36.05,35.78,35.815,0,0,0,0,0,0,0,0,0,0,0,0,1,36.69,train
25.7,30.4,0.76,1.075,36.0,35.495,35.41,35.195,35.96,35.9575,35.8025,36.0075,35.4575,35.4575,35.2525,35.4975,35.6525,35.0525,36.04,35.9925,34.81,34.72,34.7725,34.2225,34.9075,35.5375,35.155,36.3325,36.1725,36.2225,0,0,0,0,0,0,0,0,0,0,0,0,1,36.84,train
24.3,49.1,0.6,1.075,35.78,35.855,35.51,35.5325,35.915,35.7925,35.915,35.94,35.895,35.8525,35.8325,35.915,35.6975,35.62,35.97,35.945,35.045,35.1175,35.22,34.9925,35.0975,35.6625,35.475,36.3475,36.1925,36.2225,0,0,0,0,0,0,0,0,0,0,1,0,0,37.54,train
26.9,23.9,0.78,0.77,35.7175,36.03,35.36,35.6675,35.7475,35.7375,35.6125,35.7675,36.085,36.06,35.875,36.1225,35.3725,35.595,36.1225,36.085,34.825,34.64,34.5675,34.905,34.71,36.0075,35.4325,36.1625,35.41,35.455,1,0,0,1,0,0,0,0,1,0,0,0,0,36.64,train
22.7,33.6,0.76,0.815,35.665,35.5975,34.75,35.035,35.71,35.6875,35.58,35.755,35.5725,35.5725,34.9525,35.6025,35.135,34.84,35.7525,35.71,34.395,34.6575,34.35,34.085,34.575,35.2625,34.8725,35.9,35.4875,35.5525,0,1,0,0,0,0,0,0,0,0,0,0,1,36.89,train
24.6,22.0,0.6,0.8775,36.07,35.82,35.3075,35.335,36.05,36.0475,35.97,36.0775,35.815,35.815,35.645,35.84,35.66,35.495,36.075,36.05,34.12,34.365,34.06,34.35,34.21,35.3575,34.6075,36.0775,35.09,35.1325,0,0,0,0,0,0,0,0,0,0,0,0,1,36.69,train
23.3,17.5,0.6,0.4925,35.2975,35.515,34.7575,35.16,35.2725,35.2725,35.16,35.3,35.52,35.5175,35.4425,35.535,34.855,35.115,35.535,35.5175,34.42,34.7,34.6025,34.3275,34.205,35.0025,34.9275,35.7325,35.7075,35.7225,1,0,0,0,0,0,0,0,0,0,1,0,0,36.44,train
23.8,15.1,0.6,1.04,35.52,35.645,35.0,35.2875,35.495,35.4925,35.33,35.53,35.63,35.63,35.1975,35.65,35.0,35.2025,35.65,35.63,34.9525,34.6625,34.67,35.0425,34.905,35.325,35.1725,35.945,35.8875,35.925,1,0,0,0,0,0,0,0,0,0,1,0,0,36.94,train
23.2,15.5,0.72,0.625,35.2725,34.9425,34.905,34.565,35.2525,35.2525,34.975,35.285,34.945,34.945,34.5775,34.9675,34.6925,34.33,35.285,35.2525,33.6275,33.685,33.8875,33.72,33.6425,34.6325,34.2775,35.725,35.475,35.545,1,0,0,0,0,0,0,0,0,1,0,0,0,36.64,train
27.0,29.1,0.6,1.605,35.475,35.555,34.6725,35.105,35.4825,35.44,35.4675,35.5175,35.61,35.605,35.4725,35.6275,35.17,35.1875,35.635,35.62,35.285,34.855,35.145,35.105,35.46,35.825,35.6025,35.9025,35.5675,35.5825,1,0,0,0,0,0,0,0,0,0,0,0,1,36.69,train
23.1,17.9,0.7,1.0975,35.8075,35.5625,35.41,34.5125,35.825,35.815,35.735,35.8575,35.6,35.6,35.3775,35.6175,35.545,34.8525,35.855,35.825,34.5025,34.3725,34.4475,34.4975,34.6175,35.62,34.8775,36.1275,35.9975,36.0225,0,0,0,0,0,0,0,0,0,0,0,0,1,36.89,train
23.4,27.3,0.8,0.815,36.185,35.9525,35.54,35.42,36.15,36.15,35.6875,36.185,35.9325,35.93,35.725,35.975,35.55,34.9825,36.185,36.1475,34.575,34.715,34.2,34.4675,34.7775,35.455,35.1125,36.2625,35.7625,35.79,0,0,0,0,0,0,0,0,0,0,1,0,0,37.14,train
24.3,17.4,0.6,1.09,35.5175,35.1675,34.21,34.58,35.63,35.4525,35.6275,35.6425,35.21,35.1475,35.195,35.2275,35.3,34.9175,35.6425,35.63,34.295,34.815,34.19,34.225,34.55,35.5925,35.055,35.8175,35.1125,35.155,0,0,0,0,0,0,0,0,0,0,0,0,1,37.19,train
24.1,15.4,0.62,0.8925,35.38,34.8725,34.06,34.4125,35.4275,35.325,35.4225,35.455,35.02,35.0175,34.78,35.0575,35.13,34.3275,35.455,35.4275,34.03,33.4375,33.6675,33.695,34.055,34.58,34.41,35.865,35.565,35.6025,1,1,0,0,0,0,0,0,0,0,0,0,1,36.44,train
26.2,48.5,0.6,1.7925,35.7625,35.7075,34.9575,35.1375,35.8875,35.7825,35.885,35.9,35.765,35.705,35.7225,35.78,35.595,35.4575,35.9525,35.9325,35.4175,35.5675,35.58,35.2825,35.555,36.145,35.725,36.175,35.905,35.9325,0,1,0,0,0,0,0,0,1,0,0,0,0,36.84,train
23.8,15.1,0.6,0.9475,35.365,35.68,34.915,35.0975,35.3725,35.335,35.32,35.4125,35.73,35.6675,35.565,35.765,35.2275,35.03,35.765,35.73,33.615,33.85,34.16,33.7975,33.855,34.675,34.29,36.01,35.965,36.0025,1,1,0,0,0,0,0,0,0,1,0,0,0,36.74,train
25.6,40.2,0.66,1.605,36.1425,35.7475,34.98,35.36,36.21,36.14,36.1725,36.245,35.7875,35.7875,35.4525,35.81,35.7175,35.1825,36.245,36.21,34.985,34.8375,34.975,34.9,34.5175,35.4875,35.305,36.36,35.9125,35.9325,1,1,0,0,0,0,0,0,0,0,0,0,1,36.69,train
25.6,50.9,0.6,1.3125,35.8375,35.665,35.3075,35.35,35.85,35.78,35.8425,35.8775,35.68,35.64,35.5875,35.7275,35.6175,35.44,35.8775,35.8475,34.505,34.8125,34.5525,34.505,34.43,35.175,35.07,36.01,35.7825,35.825,1,1,0,0,0,0,0,0,1,0,0,0,0,36.84,train
25.2,22.0,0.79,1.065,35.63,35.28,34.1525,33.925,35.6225,35.5925,35.54,35.66,35.34,35.2925,35.2325,35.3875,34.7875,34.8975,35.66,35.6225,34.705,34.8275,34.6825,34.6975,34.2925,35.675,35.49,36.0075,35.83,35.865,0,0,0,0,0,0,0,0,0,0,0,0,1,37.09,train
23.6,17.4,0.66,1.0325,35.2,35.2875,33.665,34.125,35.4075,35.135,35.4075,35.465,35.2975,35.255,35.28,35.3175,35.005,34.67,35.465,35.415,34.0825,34.1725,34.05,33.9825,34.1575,35.1325,34.4675,35.765,35.6375,35.6675,0,1,0,0,0,0,0,0,0,0,0,0,1,36.84,train
24.0,31.0,0.8,0.4425,35.2825,35.615,34.75,34.7175,35.2825,35.25,35.21,35.305,35.5825,35.5825,35.0175,35.615,35.14,35.0575,35.615,35.58,33.4775,33.6025,34.015,33.6775,34.2775,35.2,34.63,35.8375,35.665,35.7075,1,0,1,0,0,0,0,0,0,0,0,0,1,36.59,train
22.0,30.0,0.6,1.07,35.1575,34.965,34.245,33.9275,35.155,35.0775,35.1,35.2025,34.93,34.93,34.765,34.9875,35.035,34.6875,35.2025,35.155,33.475,34.0575,33.3675,32.9925,33.4975,34.745,34.3175,35.6725,35.2275,35.255,1,1,0,0,0,0,0,0,0,1,0,0,0,36.59,train
25.3,33.7,0.7,1.1375,35.92,36.06,35.2375,35.56,35.9075,35.8975,35.8825,35.9325,36.125,36.03,36.12,36.16,35.5575,35.91,36.16,36.1225,35.1975,34.875,34.9925,35.1075,35.2175,35.545,35.41,36.4425,36.4075,36.4425,0,1,0,0,0,0,0,0,0,0,0,0,1,37.04,train
23.6,22.2,0.68,1.095,35.5375,35.365,35.1025,35.0475,35.5025,35.5025,35.2325,35.54,35.38,35.3325,35.3025,35.4175,35.015,35.175,35.5425,35.51,34.4225,34.565,34.6375,34.4575,34.7,35.63,35.1575,35.9,35.795,35.8225,1,0,0,0,0,0,0,0,1,0,0,0,0,36.79,train
25.2,48.5,0.6,1.4775,36.1975,36.065,35.845,35.6225,36.175,36.175,36.0625,36.1975,36.0325,36.0325,35.8275,36.065,35.91,35.54,36.1975,36.1725,34.9925,35.0375,34.975,34.935,34.855,35.6075,35.2525,36.245,35.8425,35.8575,1,0,0,0,0,0,0,0,1,0,0,0,0,36.84,train
23.8,15.1,0.6,1.0025,36.46,36.135,35.465,35.43,36.5125,36.39,36.445,36.545,36.1475,36.1475,36.0675,36.1875,36.2625,35.6325,36.545,36.5125,34.1375,34.5475,34.5525,34.315,34.5525,35.175,34.995,36.7425,36.435,36.4675,0,0,0,0,0,0,0,0,0,0,1,0,0,37.49,train
23.2,47.7,0.76,1.1025,35.5,35.5775,34.6775,34.925,35.4725,35.4725,35.1825,35.515,35.535,35.535,35.0675,35.585,34.815,34.9025,35.5825,35.545,34.8725,34.6325,34.5675,34.7075,34.9875,35.305,35.08,36.25,35.6275,35.65,1,1,0,0,0,0,0,0,0,0,1,0,0,36.84,train
23.2,32.7,0.76,0.8375,35.6025,35.6525,35.02,34.7075,35.665,35.6075,35.5875,35.69,35.6825,35.6775,35.58,35.7125,35.3825,35.0875,35.735,35.7,34.555,34.8875,34.735,34.42,34.5475,35.1875,35.1325,36.0775,36.045,36.0775,1,1,0,0,0,0,0,0,0,1,0,0,0,37.14,train
24.5,31.8,0.7,1.25,35.875,35.9975,35.175,35.6,35.98,35.85,35.975,36.02,36.03,36.0,36.0125,36.07,35.64,35.85,36.0925,36.05,35.2175,35.375,35.2275,35.13,34.985,35.7875,35.585,36.2475,36.155,36.1825,1,1,0,0,0,0,0,0,0,0,0,0,1,37.04,train
22.7,42.4,0.72,0.805,36.0025,35.665,35.5275,35.145,35.99,35.99,35.7725,36.025,35.665,35.6075,35.64,35.6975,35.5075,35.4075,36.025,35.99,34.3,33.6975,33.5025,33.995,33.9925,35.3625,34.4825,36.0875,35.78,35.8225,1,0,0,0,0,0,0,0,0,0,0,0,1,37.04,train
22.6,14.8,0.7,0.5975,35.56,35.3825,34.6175,34.6125,35.5675,35.505,35.55,35.6075,35.3825,35.2925,35.1575,35.4375,35.3875,34.935,35.6325,35.58,34.6425,34.535,34.5525,34.62,33.845,35.2925,35.0275,35.635,34.835,34.8625,1,1,0,0,0,0,0,0,0,0,0,0,1,36.79,train
27.2,48.5,0.6,1.6525,35.9425,35.8675,35.365,35.3375,36.12,35.94,36.1175,36.145,35.985,35.8375,35.9825,36.04,35.835,35.74,36.145,36.1275,34.7975,34.705,34.965,35.0475,34.695,35.48,35.32,36.295,36.2275,36.2525,1,1,0,0,0,0,0,0,0,0,0,0,1,36.94,train
24.1,17.9,0.6,0.9725,35.4975,35.4875,35.195,35.1575,35.475,35.475,35.3625,35.4975,35.4825,35.475,35.395,35.5,34.9175,35.17,35.6825,35.6625,34.7375,34.7875,34.3225,34.7375,33.685,35.53,35.1075,36.055,35.655,35.6775,1,0,0,0,0,0,0,0,1,0,0,0,0,36.74,train
23.7,14.7,0.61,0.92666667,37.43,37.17,37.1333333,36.8166667,37.4133333,37.4133333,37.19,37.43,37.1833333,37.1833333,36.7133333,37.2033333,37.0666667,36.5666667,37.43,37.4133333,36.32,36.34,36.2266667,35.9533333,35.9466667,36.8,36.7733333,37.43,36.92,36.9833333,1,0,0,0,0,0,0,0,0,0,0,0,1,38.39,train
25.8,33.7,0.7,0.945,36.2875,36.1675,35.565,35.5225,36.2525,36.2325,35.9075,36.3025,36.1275,36.1275,35.9675,36.1675,35.7725,35.885,36.3025,36.2525,34.72,35.015,34.915,34.7625,35.13,35.6375,35.5,36.46,36.08,36.1025,0,0,0,0,0,0,0,0,0,0,0,0,1,37.14,train
25.1,38.3,0.6,2.715,35.745,35.8575,35.19,35.4675,35.905,35.7175,35.905,35.945,35.9025,35.8525,35.8825,35.9225,35.6525,35.7525,35.96,35.9275,35.005,35.0525,35.1125,34.9525,35.055,35.4625,35.33,36.055,35.8575,35.88,0,0,0,0,0,0,0,0,0,0,0,0,1,36.59,train
24.1,17.9,0.6,0.8225,35.5275,35.365,34.9425,34.7525,35.6625,35.6625,35.48,35.69,35.495,35.47,35.3675,35.53,35.035,34.8325,35.8,35.7675,34.9575,35.0675,35.1625,34.87,35.195,36.0325,35.57,36.225,35.9325,35.965,0,1,0,0,0,0,0,0,1,0,0,0,0,36.99,train
23.0,20.9,0.7,0.68,35.12,35.0925,33.745,34.2275,35.2125,35.0875,35.2025,35.225,35.1225,35.085,35.11,35.1525,34.78,34.7,35.2275,35.215,34.0625,34.1625,33.89,34.0575,34.2325,35.515,34.4375,35.785,35.3275,35.3525,0,1,0,0,0,0,0,0,0,0,0,1,0,36.99,train
23.2,23.2,0.8,0.7175,35.5875,35.745,34.735,35.0375,35.5775,35.5775,35.23,35.625,35.7075,35.7075,35.27,35.745,34.6725,35.1075,35.745,35.71,34.975,35.08,35.06,34.5725,34.0175,35.5625,35.535,36.0325,35.8125,35.845,0,0,0,0,0,0,0,0,0,0,0,0,1,36.79,train
22.0,30.0,0.6,0.8925,35.01,35.21,33.3475,34.1975,35.1675,35.1275,35.145,35.205,35.2625,35.26,35.1125,35.28,34.3775,34.6625,35.28,35.265,34.8225,34.625,35.1725,34.4225,34.905,35.4325,35.4325,35.5575,35.2025,35.23,0,0,0,0,0,0,0,0,0,0,0,0,1,36.19,train
23.2,13.8,0.63,0.72,35.86,35.515,35.145,34.55,35.8466667,35.84,35.7033333,35.8833333,35.5566667,35.5566667,35.2166667,35.5933333,35.4533333,35.1,35.9133333,35.8666667,34.4,34.52,34.5766667,34.4333333,34.56,35.19,34.92,36.1466667,35.66,35.6766667,0,1,0,0,0,0,0,0,0,0,0,0,1,36.99,train
23.3,19.2,0.6,0.91,35.37,35.315,34.735,34.825,35.435,35.34,35.3475,35.48,35.6175,35.425,35.59,35.64,34.9675,35.02,35.6825,35.65,34.11,34.4775,34.53,34.0125,34.3175,35.3675,34.555,36.0375,35.8925,35.94,0,0,0,0,0,0,0,0,0,1,0,0,0,37.04,train
23.4,35.6,0.6,0.7225,35.6775,36.1075,34.7375,35.3775,35.795,35.66,35.785,35.8425,36.0625,36.0625,35.935,36.1075,35.31,35.7325,36.1075,36.0625,34.795,34.325,34.75,34.445,34.1925,35.355,34.985,36.375,36.36,36.375,1,1,0,0,0,0,0,0,0,0,1,0,0,36.89,train
26.8,29.0,0.6,1.475,35.5375,35.625,34.7175,34.87,35.6275,35.5225,35.565,35.6475,35.635,35.5925,35.555,35.6625,35.2125,35.2425,35.6825,35.66,33.6075,33.1425,33.03,33.5975,33.6125,34.3575,34.2625,36.0325,36.005,36.02,0,1,0,0,0,0,0,0,0,0,0,0,1,36.94,train
25.2,29.2,0.6,1.1475,36.355,36.1375,35.7625,35.715,36.37,36.335,36.295,36.4025,36.11,36.095,35.9375,36.1375,36.14,35.8175,36.4025,36.3675,35.2725,35.37,35.1825,35.225,35.48,35.8825,35.69,36.5825,35.9225,35.9625,1,1,0,0,0,0,0,0,0,0,0,0,1,36.99,train
25.0,46.8,0.6,1.505,35.9175,35.8025,35.1375,35.325,35.93,35.905,35.9,35.9525,35.8625,35.8425,35.79,35.8975,35.65,35.215,35.9575,35.9325,34.9875,35.08,35.1475,34.9825,34.85,35.5225,35.395,36.04,35.3525,35.3725,0,0,0,0,0,0,0,0,1,0,0,0,0,37.09,train
23.5,14.2,0.6,0.6875,35.27,35.3225,34.2925,34.62,35.3175,35.285,35.2825,35.3475,35.3575,35.3375,35.29,35.3725,35.065,34.98,35.405,35.3875,35.0,34.9725,34.5525,34.5775,35.2125,35.5525,35.3325,35.8,35.6475,35.6675,1,0,0,0,0,0,0,0,0,0,0,0,1,36.64,train
22.9,22.8,0.8,0.8375,35.99,36.1125,35.505,35.57,36.03,36.0275,35.8275,36.065,36.17,36.0625,36.0325,36.21,35.7525,35.8325,36.21,36.17,34.6575,34.91,35.0025,34.7975,35.0425,35.49,35.2625,36.24,35.9725,36.0275,0,0,0,0,0,0,0,0,0,0,0,0,1,37.09,train
26.3,34.6,0.6,1.395,35.4725,35.6325,34.8075,35.175,35.695,35.4675,35.695,35.725,35.6325,35.59,35.605,35.67,35.3925,35.475,35.7275,35.7025,35.0275,35.0025,35.255,34.7525,35.0475,35.44,35.4075,35.975,35.705,35.725,0,0,0,0,0,0,0,0,1,0,0,0,0,36.99,train
23.3,14.2,0.62,0.815,36.3175,36.135,35.83,35.74,36.3275,36.3275,35.9375,36.3475,36.14,36.14,35.6825,36.165,35.8275,35.5175,36.3475,36.3275,34.1325,33.8875,34.5725,34.375,34.15,35.585,34.9725,36.36,35.7475,35.7825,0,0,0,0,0,0,0,0,1,0,0,0,0,37.14,train
24.0,20.1,0.6,0.775,35.78,36.105,34.4325,35.29,36.0375,35.73,36.025,36.0475,36.1075,36.105,35.99,36.145,35.4875,35.6575,36.145,36.1075,35.0025,34.415,35.0225,34.915,35.045,35.6025,35.355,36.24,35.98,36.0225,0,0,0,0,0,0,0,0,0,0,0,0,1,37.14,train
24.5,15.5,0.6,0.8875,35.7225,35.575,35.3475,35.3325,35.865,35.7,35.865,35.9075,35.6025,35.585,35.515,35.6275,35.4525,35.295,35.94,35.9325,34.8625,34.875,35.1,34.815,35.085,35.52,35.4125,36.495,36.3325,36.3525,0,0,0,0,0,0,0,0,1,0,0,0,0,37.14,train
23.8,23.8,0.6,0.755,35.375,35.4475,34.37,34.87,35.385,35.34,35.3475,35.4125,35.4825,35.435,35.4575,35.5175,35.04,35.245,35.525,35.485,34.1925,34.135,34.1525,34.015,34.335,34.9225,34.6925,35.67,35.2575,35.305,0,0,0,0,0,0,0,0,0,0,0,0,1,36.79,train
23.4,17.8,0.6,0.96,35.0425,35.1975,34.515,34.8025,35.095,35.0525,35.01,35.1325,35.205,35.1525,35.1425,35.25,34.83,35.0325,35.2725,35.23,34.6375,34.7125,34.43,34.43,34.8375,35.285,35.1275,35.555,35.2125,35.2325,0,1,0,0,0,0,0,0,1,0,0,0,0,36.99,train
23.8,43.8,0.64,1.2025,35.42,35.445,34.82,34.9675,35.575,35.4475,35.575,35.6075,35.565,35.555,35.37,35.5875,35.0575,34.7325,35.6175,35.5975,34.07,34.2275,34.1575,34.035,33.97,35.235,34.76,36.03,35.9175,35.96,0,1,0,0,0,0,0,0,0,0,0,0,1,37.19,train
23.0,15.5,0.6,0.7725,35.2775,35.6,34.735,34.7975,35.3125,35.3125,34.8525,35.34,35.5625,35.5625,35.3575,35.6,34.67,35.2475,35.6,35.565,33.9875,34.3325,34.2075,34.0175,34.285,35.03,34.6725,35.8825,35.6975,35.7275,1,0,0,0,0,0,0,0,0,0,0,0,1,36.64,train
20.7,59.0,0.68,0.485,35.1975,34.59,34.7175,34.305,35.1975,35.165,35.15,35.2275,34.7425,34.6025,34.74,34.7775,34.555,34.3775,35.225,35.195,33.8525,33.6125,33.9125,33.775,34.2775,35.1775,34.6325,35.865,35.7875,35.815,0,1,0,0,0,0,0,0,1,0,0,0,0,36.99,train
25.4,28.2,0.65,1.085,35.385,35.7325,34.18,34.8875,35.4225,35.4125,35.33,35.445,35.8175,35.735,35.815,35.85,35.005,35.3375,35.85,35.815,34.5775,33.8825,34.42,34.655,34.235,35.49,35.1825,36.125,35.78,35.8325,1,1,0,0,0,0,0,0,0,0,0,0,1,36.89,train
24.1,20.1,0.66,0.80666667,34.8066667,34.9233333,34.0866667,34.5366667,34.8466667,34.8466667,34.75,34.8666667,34.97,34.9533333,34.92,35.0033333,34.2566667,34.42,35.2566667,35.2366667,34.4733333,34.7733333,34.4666667,34.2266667,34.5133333,35.31,35.1066667,35.36,35.2033333,35.2266667,0,0,0,0,0,0,0,0,1,0,0,0,0,36.64,train
23.6,14.6,0.6,2.0525,36.115,35.9525,35.865,35.4825,36.0925,36.0925,35.865,36.115,35.9575,35.9275,35.7925,35.9825,35.88,35.67,36.115,36.0925,34.9875,34.4475,35.1775,35.0275,33.1075,35.7,35.34,36.1325,35.6925,35.71,1,0,0,0,0,0,0,0,0,0,0,0,1,37.89,train
22.0,22.5,0.74,0.8375,34.495,34.825,33.775,34.485,34.585,34.46,34.555,34.625,34.8425,34.8425,34.645,34.86,34.1975,34.33,34.86,34.8425,33.81,33.9825,34.2275,33.79,33.9575,35.0025,34.5325,35.4025,35.2625,35.305,0,1,0,0,0,0,0,0,1,0,0,0,0,36.74,train
23.2,17.2,0.6,0.7475,35.2375,35.2525,33.49,33.685,35.42,35.2925,35.42,35.46,35.2625,35.255,35.13,35.2825,34.6525,34.75,35.465,35.4225,34.525,34.665,34.475,34.5175,34.2925,35.1725,34.8175,35.655,35.375,35.425,1,0,0,0,0,0,0,0,0,1,0,0,0,36.84,train
23.9,13.6,0.7,0.855,35.52,35.5175,34.6575,34.9175,35.695,35.445,35.6825,35.735,35.5225,35.505,35.44,35.55,35.3525,35.2275,35.735,35.695,33.7625,32.5675,33.45,32.99,33.4025,34.465,34.3425,36.22,36.1725,36.22,1,0,0,0,0,0,0,0,0,0,0,0,1,37.24,train
24.0,20.1,0.6,1.0,37.205,37.1425,36.7225,36.87,37.165,37.1625,37.0825,37.2075,37.16,37.125,37.1175,37.19,37.03,37.03,37.2225,37.18,35.2975,35.3675,34.6475,35.65,35.0825,36.2325,35.765,37.32,36.9575,36.98,1,0,0,0,0,0,0,0,0,0,0,0,1,37.94,train
25.7,59.3,0.65,1.3225,35.85,35.89,35.1175,35.61,35.8875,35.81,35.875,35.9225,35.855,35.85,35.775,35.8925,35.725,35.6275,35.945,35.9,34.7475,35.1425,35.0175,34.985,34.575,35.6075,35.21,35.965,35.7775,35.8025,1,1,0,0,0,0,0,0,0,0,0,0,1,36.69,train
25.0,31.3,0.65,1.105,36.015,35.8875,35.48,35.5225,35.9825,35.9775,35.9,36.015,35.885,35.86,35.8475,35.905,35.8125,35.635,36.015,35.985,34.9825,34.5275,35.0275,34.89,35.0575,35.775,35.4775,36.2725,36.0025,36.04,1,0,0,0,0,0,0,0,0,0,1,0,0,36.99,train
24.0,27.2,0.6,0.66,35.7833333,35.5033333,35.0233333,35.0566667,35.8,35.75,35.7533333,35.8166667,35.5033333,35.4933333,35.47,35.5233333,35.57,35.3366667,35.8166667,35.8,33.5733333,33.3366667,33.72,32.9233333,33.7466667,34.6233333,34.0166667,36.23,35.7566667,35.7933333,0,0,0,0,0,0,0,0,0,0,0,0,1,36.49,train
23.2,22.6,0.8,0.895,34.7175,34.9675,34.3975,34.385,35.1375,34.71,35.1375,35.175,34.895,34.895,34.3225,34.9675,34.49,34.1925,35.48,35.45,34.0925,34.265,33.925,33.93,33.76,35.0725,34.51,35.8825,35.415,35.47,0,0,0,0,0,0,0,0,1,0,0,0,0,36.89,train
22.0,19.5,0.6,1.1275,37.235,36.955,36.49,36.5175,37.2275,37.1825,37.1,37.275,36.9425,36.9425,36.7425,36.9575,36.9775,36.58,37.2725,37.2275,35.8075,35.805,35.535,35.835,35.995,36.9375,36.345,37.46,36.785,36.8025,0,0,0,0,0,0,0,0,0,0,0,0,1,38.74,train
23.5,14.1,0.65,0.8125,35.3625,35.0125,34.9825,34.695,35.3425,35.3425,34.9875,35.375,35.03,35.03,34.575,35.0525,34.8475,34.4825,35.375,35.3425,34.3075,34.47,34.3125,34.3675,34.1,35.2425,34.97,35.5825,35.4425,35.465,1,1,0,0,0,0,0,0,1,0,0,0,0,36.89,train
24.0,15.5,0.68,1.16,35.295,35.5125,34.38,34.755,35.3975,35.36,35.215,35.4125,35.5125,35.5125,35.3875,35.5375,34.5075,35.2325,35.535,35.5125,34.625,34.6825,34.8475,34.3025,34.6775,35.115,35.06,35.66,34.9675,35.0,1,0,0,0,0,0,0,0,1,0,0,0,0,36.39,train
24.1,18.1,0.64,1.0,36.725,36.8725,36.245,36.0175,36.905,36.7275,36.9,36.9275,36.8425,36.7075,36.79,36.91,36.5925,36.515,36.9275,36.91,34.835,34.51,34.7325,34.62,34.58,35.45,35.1475,36.9275,36.38,36.4175,1,1,0,0,0,0,0,0,0,0,0,0,1,37.69,train
21.2,56.1,0.64,0.595,35.745,35.8175,35.2075,35.255,35.8075,35.8075,35.4025,35.84,35.78,35.78,35.625,35.8175,34.9725,35.42,35.9025,35.87,34.105,33.815,34.0625,34.255,34.2025,35.2775,34.5675,36.575,36.52,36.575,0,0,0,0,0,0,0,0,0,0,0,0,1,37.54,train
23.3,45.9,0.6,0.75,35.75,35.0,34.635,33.8275,35.7175,35.7175,35.495,35.75,35.0375,35.025,34.8425,35.0825,35.3575,34.58,35.75,35.7175,34.1775,35.0,33.84,33.945,34.38,35.27,35.1625,35.9875,35.5325,35.57,0,0,0,1,0,0,0,0,0,0,0,0,1,37.04,train
23.0,21.0,0.6,0.61,35.2825,35.4325,34.945,35.19,35.3975,35.395,35.2725,35.43,35.45,35.4425,35.395,35.4675,34.9275,35.11,35.5,35.4725,34.6725,34.72,34.5625,34.555,34.745,35.115,35.02,35.935,35.8475,35.875,0,1,0,0,0,0,0,0,0,0,0,0,1,36.84,train
24.2,39.0,0.6,1.0675,35.7875,36.07,34.615,35.0975,35.9775,35.7275,35.9775,36.0,36.1,36.0,36.0875,36.145,35.6675,35.9625,36.145,36.1025,34.7275,34.91,34.9375,34.63,34.765,35.505,35.085,36.2825,35.7575,35.78,0,1,0,0,0,0,0,0,0,0,0,0,1,37.14,train
22.6,36.3,0.7,0.57,35.3733333,35.47,34.3333333,34.7933333,35.5633333,35.27,35.5533333,35.61,35.5033333,35.42,35.0533333,35.5833333,35.1833333,34.7133333,35.6366667,35.5966667,31.99,32.5066667,32.6233333,32.45,31.8366667,34.5833333,33.9966667,36.5166667,36.4633333,36.5166667,0,0,0,0,0,0,0,0,0,0,0,0,1,37.89,train
24.3,35.3,0.65,1.15,35.615,35.24,34.2275,34.6025,35.58,35.58,35.38,35.615,35.3025,35.3025,35.0025,35.315,35.2125,34.4475,35.62,35.59,34.8425,35.1875,34.875,34.56,34.915,35.595,35.3175,35.915,35.605,35.655,0,0,0,0,0,0,0,0,0,0,0,0,1,37.14,train
21.6,41.0,0.64,0.8025,35.3775,35.23,34.8525,34.845,35.4625,35.4625,34.9675,35.515,35.235,35.235,35.08,35.2575,34.675,34.795,35.515,35.4625,34.46,34.29,34.27,34.3075,34.1975,35.0525,34.6525,35.6875,35.4675,35.505,0,0,0,0,0,0,0,0,0,0,0,0,1,36.99,train
21.2,44.0,0.64,-0.59,34.715,34.905,34.205,34.04,34.72,34.695,34.5975,34.745,34.855,34.855,34.495,34.905,34.2225,34.195,34.9175,34.8675,33.52,33.405,33.555,33.4525,33.5325,34.2825,34.195,35.43,35.235,35.265,0,1,0,0,0,0,0,0,0,0,0,0,1,36.89,train
24.2,23.2,0.6,0.8725,35.6075,35.9175,35.1,35.165,35.7275,35.5875,35.7275,35.7475,35.885,35.885,35.6875,35.93,35.48,35.4025,35.9425,35.89,34.695,34.38,34.3325,34.5125,34.8825,35.2625,34.975,36.465,36.43,36.465,0,0,0,0,0,0,0,0,0,0,0,0,1,37.09,train
23.0,34.8,0.78,0.6175,34.77,34.8825,34.5025,34.445,34.96,34.7725,34.96,34.985,35.095,34.985,34.95,35.14,34.5425,34.72,35.15,35.11,33.82,33.82,34.4175,33.6275,33.8525,35.1525,34.845,35.6725,35.6325,35.66,0,1,0,0,0,0,0,0,1,0,0,0,0,36.64,train
23.0,14.0,0.8,0.4125,35.5725,35.6,34.515,34.6775,35.6325,35.4925,35.575,35.6525,35.595,35.5875,35.27,35.6925,35.295,35.125,35.735,35.7025,34.4825,34.365,33.8625,34.055,34.6425,35.0925,34.845,35.875,35.405,35.425,1,0,0,0,0,0,0,0,0,0,0,0,1,36.54,train
23.2,17.5,0.6,0.9625,35.3375,35.3975,34.95,34.89,35.3425,35.3425,34.755,35.375,35.3825,35.3825,34.975,35.41,34.5725,34.6475,35.465,35.425,34.1125,34.4025,34.4225,34.035,34.295,34.94,34.55,35.78,35.48,35.5,0,1,0,0,0,0,0,0,0,1,0,0,0,36.64,train
21.6,55.5,0.66,0.7425,35.0875,35.28,34.3275,34.7425,35.145,35.1275,35.105,35.1825,35.29,35.29,35.16,35.3075,34.7525,34.6925,35.305,35.29,33.5075,33.3575,33.5375,33.6975,33.725,34.805,34.115,35.705,35.5925,35.6425,0,1,0,0,0,0,0,0,0,1,0,0,0,37.14,train
23.5,15.7,0.6,0.955,35.375,35.1175,35.0,34.6575,35.3675,35.365,35.3175,35.39,35.1575,35.12,35.0875,35.18,35.02,34.7975,35.39,35.3675,34.55,34.7775,34.3325,34.36,34.48,35.1,34.8975,35.51,35.3325,35.3625,1,0,0,0,0,0,0,0,0,0,0,0,1,36.59,train
23.7,15.3,0.65,0.7,35.8725,35.875,35.36,35.5425,35.9075,35.905,35.5675,35.9425,35.845,35.835,35.74,35.8925,35.2525,35.2975,35.9925,35.96,35.305,34.9475,35.375,35.375,35.6125,36.23,35.8425,36.7725,36.65,36.6925,0,1,0,0,0,0,0,0,1,0,0,0,0,37.34,train
22.1,14.6,0.85,0.6475,34.6875,35.12,34.1175,34.36,34.91,34.76,34.91,34.9375,35.2,35.0925,35.1325,35.24,34.405,34.81,35.2375,35.2,34.3125,34.045,34.355,34.345,34.4,35.08,34.76,35.5125,35.2,35.2525,1,0,0,0,0,0,0,0,1,0,0,0,0,36.39,train
24.0,19.2,0.62,0.135,35.295,34.895,34.815,34.54,35.335,35.335,34.625,35.3525,34.91,34.91,34.5725,34.9225,34.4725,34.3975,35.3525,35.335,34.5725,34.235,34.4375,34.5525,34.8325,35.2475,34.95,35.7625,35.6925,35.735,1,1,0,0,0,0,0,0,1,0,0,0,0,36.89,train
24.1,18.0,0.6,0.8775,34.735,34.66,34.1025,34.185,34.7475,34.7475,34.3775,34.79,34.6725,34.6675,34.5575,34.7025,34.1775,34.185,34.8625,34.8225,33.69,34.345,34.0,33.5575,33.2,34.565,34.565,35.5525,35.395,35.4275,1,0,0,0,0,1,0,0,0,0,0,0,1,36.84,train
24.0,33.3,0.6,1.2875,35.645,35.88,35.0125,35.4425,35.6275,35.61,35.5975,35.65,35.855,35.84,35.7525,35.8875,35.5575,35.6075,35.885,35.855,35.03,35.3225,35.3075,34.895,35.2625,35.835,35.665,36.065,35.8075,35.8225,0,0,0,0,0,0,0,0,0,0,0,0,1,37.14,train
25.3,26.4,0.6,0.655,35.4475,35.235,35.3175,35.0425,35.435,35.435,35.345,35.4525,35.29,35.2825,35.2425,35.3125,35.3325,35.1225,35.5075,35.4825,34.725,34.7075,34.9275,34.9,34.72,35.225,35.1175,35.5075,35.38,35.395,0,0,0,0,0,0,0,0,0,1,0,0,0,36.99,train
24.1,29.8,0.6,0.82,35.5325,35.6925,34.4075,35.1925,35.59,35.535,35.5425,35.6125,35.745,35.695,35.7275,35.7625,35.26,35.41,35.7625,35.7425,34.915,35.0025,34.9475,34.705,34.56,35.3575,35.21,35.98,35.9075,35.98,0,0,0,0,0,0,0,0,0,0,0,0,1,36.64,train
23.5,16.1,0.6,1.3375,35.24,35.3375,35.0375,35.115,35.24,35.2375,35.1075,35.2525,35.34,35.34,35.1375,35.3525,34.9225,35.1,35.37,35.345,34.94,34.7225,34.915,34.92,34.41,35.195,35.1175,35.3875,35.255,35.2675,1,0,0,0,0,0,0,0,1,0,0,0,0,36.94,train
22.0,30.0,0.6,0.97,36.7325,36.46,36.2225,36.115,36.7175,36.715,36.64,36.735,36.435,36.435,36.21,36.4625,36.555,36.1275,36.7325,36.7175,34.7575,34.57,34.7925,34.6775,34.96,36.2075,35.3,36.9325,36.7825,36.8325,1,1,0,0,0,0,0,0,0,0,0,1,0,37.79,train
23.3,16.6,0.61,1.22,35.6,35.6,34.8175,35.005,35.71,35.57,35.695,35.765,35.6325,35.575,35.4675,35.66,35.4325,35.12,35.7925,35.735,34.8775,34.965,34.8125,34.6925,35.235,35.8,35.63,36.1025,35.95,35.975,1,0,0,0,0,0,0,0,1,0,0,0,0,36.99,train
23.8,13.4,0.62,1.12,35.5675,35.4525,35.0325,34.9225,35.575,35.5475,35.295,35.615,35.495,35.495,35.2525,35.5375,34.9075,34.6825,35.64,35.615,34.97,34.9125,34.9125,34.985,34.8525,35.2525,35.2375,36.4225,36.3725,36.4,0,0,0,1,0,0,0,0,0,0,0,0,1,37.34,train
24.1,13.5,0.6,0.835,35.7325,35.5425,34.85,34.93,35.7075,35.695,35.62,35.7475,35.5875,35.565,35.5475,35.6075,35.5025,35.1775,35.77,35.7325,34.55,34.6225,34.405,34.4525,34.83,35.3875,34.98,35.77,34.8825,34.905,0,0,0,0,0,0,0,0,0,0,0,1,0,36.79,train
26.8,29.5,0.62,1.41,35.885,36.02,35.6425,35.63,35.875,35.875,35.7375,35.89,36.0775,36.0425,36.0375,36.115,35.6425,35.7075,36.125,36.0925,35.2325,35.19,35.4925,35.25,35.0975,35.9925,35.91,36.32,36.085,36.1,0,0,0,0,0,0,0,0,0,1,0,0,0,36.99,train
23.9,49.0,0.6,1.0425,35.3975,35.4825,34.7675,34.915,35.4375,35.4075,35.3775,35.46,35.4675,35.4675,35.3975,35.485,35.0525,35.24,35.5,35.4775,34.5475,34.8225,34.5625,34.6075,34.6775,35.445,35.1275,35.8075,35.6375,35.6725,0,0,0,0,0,0,0,0,0,1,0,0,0,36.94,train
23.4,16.9,0.6,0.395,35.9,35.63,35.1375,35.06,35.8675,35.8675,35.575,35.9,35.595,35.595,35.0875,35.63,35.005,34.855,35.9,35.865,33.88,34.1425,33.9975,33.885,34.0375,35.22,34.2775,36.2925,36.2475,36.2725,1,0,0,1,0,0,0,0,0,0,1,0,0,37.09,train
21.0,55.5,0.72,0.5875,35.1,35.4825,34.0175,34.44,35.1125,35.025,35.055,35.145,35.465,35.465,35.245,35.5175,34.8625,34.99,35.5175,35.465,34.185,34.2725,34.57,33.7475,34.285,35.065,35.05,36.1575,36.13,36.1575,0,0,0,0,0,0,0,0,0,0,0,0,1,37.19,train
23.1,17.6,0.74,0.985,35.575,35.69,35.01,35.12,35.5825,35.5625,35.4725,35.605,35.6675,35.6675,35.325,35.69,35.2525,35.1175,35.705,35.68,34.4,33.6925,34.5925,34.23,34.685,35.1425,35.01,35.9675,35.9225,35.95,1,0,0,0,0,0,0,0,0,0,0,0,1,36.69,train
25.1,50.2,0.73,1.3775,35.3375,35.365,34.935,35.0025,35.375,35.375,35.205,35.39,35.3925,35.39,35.2925,35.4125,35.0675,35.175,35.4475,35.43,34.825,34.9925,34.8725,34.97,34.9575,35.4075,35.3025,35.775,35.65,35.6875,0,0,0,0,0,0,0,0,0,1,0,0,0,36.84,train
23.6,16.8,0.63,0.9775,35.3625,35.4,34.71,34.86,35.4,35.4,35.1625,35.4225,35.595,35.595,34.755,35.63,34.7475,34.7175,35.63,35.595,34.86,34.6925,34.625,34.63,34.8425,35.4875,35.0325,35.9325,35.7575,35.79,1,1,0,0,0,0,0,0,1,0,0,0,0,36.89,train
23.9,15.3,,0.81,35.735,35.415,35.0525,34.6275,35.7,35.7,35.52,35.735,35.445,35.41,35.29,35.46,35.315,35.01,35.735,35.6975,34.575,34.73,34.675,34.7075,34.77,35.39,35.1925,36.0075,35.8675,35.895,0,0,0,0,0,0,0,0,0,0,0,0,1,36.79,train
23.5,10.6,0.6,0.82,34.5175,34.8,33.515,33.715,34.6075,34.485,34.6075,34.6475,34.8125,34.8,34.7825,34.835,34.2825,34.4225,34.835,34.8125,33.5875,33.8175,33.805,33.455,33.7525,34.695,34.2875,35.0825,34.95,34.99,0,1,0,0,0,0,0,0,0,1,0,0,0,36.79,train
21.2,46.1,0.63,0.615,35.2225,35.13,34.29,34.735,35.23,35.2,35.065,35.255,35.125,35.1075,35.0925,35.1525,34.8375,34.8225,35.295,35.2675,33.975,34.2525,33.92,33.9775,34.17,34.8975,34.5425,35.395,33.8025,33.835,0,1,0,0,0,0,0,0,0,1,0,0,0,36.84,train
24.1,48.2,0.7,1.1325,35.7725,35.835,34.955,34.9975,35.87,35.71,35.8475,35.9075,35.84,35.8275,35.76,35.86,35.54,35.4575,35.905,35.875,34.51,34.685,34.87,34.6875,34.615,35.41,35.0575,35.96,35.615,35.645,1,0,0,0,0,0,0,0,0,0,0,0,1,36.74,train
23.7,22.6,0.76,0.8575,35.105,35.155,34.6025,34.6025,35.0825,35.065,35.0075,35.105,35.12,35.12,34.92,35.1575,34.9675,34.93,35.155,35.135,33.13,33.3725,32.9075,32.53,32.8075,34.4875,33.71,35.6375,35.6,35.63,1,0,0,1,0,0,0,0,1,0,0,0,0,36.79,train
22.6,16.5,0.78,0.79,35.2833333,35.5133333,34.4266667,34.5666667,35.3866667,35.2866667,35.2466667,35.43,35.47,35.47,35.28,35.5133333,34.77,34.9133333,35.5466667,35.5033333,34.25,34.0433333,34.26,33.8,34.3666667,35.16,34.75,35.9033333,35.8,35.8266667,0,0,0,0,0,0,0,0,0,0,0,0,1,37.24,train
23.6,14.7,0.65,1.1375,35.51,35.655,34.8975,34.5575,35.5175,35.49,35.4825,35.5525,35.6375,35.63,35.5375,35.67,35.3325,35.37,35.68,35.6425,34.43,34.1,34.6925,34.5175,34.7825,35.1775,34.945,35.805,35.335,35.36,0,0,0,1,0,0,0,0,0,0,0,0,1,36.99,train
24.3,43.2,0.63,1.275,35.59,35.535,35.3825,35.085,35.6975,35.5675,35.6975,35.73,35.5075,35.4625,35.495,35.54,35.31,35.295,35.73,35.6975,34.965,34.55,35.0025,34.815,33.7725,35.5125,35.415,35.9275,35.8575,35.8825,1,0,0,0,0,0,0,0,0,0,0,0,1,36.84,train
20.6,57.2,0.66,0.795,35.945,35.79,35.6075,35.3775,35.995,35.885,35.9825,36.0325,35.7575,35.7575,35.6525,35.79,35.8375,35.5225,36.0325,35.995,34.4075,34.5075,34.5875,34.42,34.3725,35.28,35.0775,36.415,36.38,36.415,0,1,0,0,0,0,0,0,0,0,0,0,1,37.39,train
23.6,16.5,0.71,0.8725,36.345,36.765,35.48,36.135,36.4275,36.2925,36.4275,36.4625,36.76,36.75,36.655,36.7875,35.9975,36.47,36.785,36.76,35.25,35.4625,35.3225,35.1375,35.1,35.975,35.615,36.96,36.56,36.615,1,0,0,0,0,0,0,0,0,0,0,0,1,37.99,train
22.8,17.0,0.72,0.7175,35.435,35.3175,34.5375,34.4,35.46,35.3725,35.45,35.495,35.295,35.2925,35.1575,35.3175,34.975,34.8675,35.495,35.4575,33.77,34.325,33.9575,33.6975,33.8925,35.08,34.7025,35.6725,35.12,35.155,0,1,0,0,0,0,0,0,0,0,0,0,1,36.59,train
25.2,31.2,0.65,1.215,36.2275,35.995,35.6625,35.42,36.21,36.1875,36.16,36.2525,36.1575,36.115,36.085,36.185,35.655,35.4475,36.2525,36.2225,34.755,34.745,35.2725,34.7525,34.8775,35.5,35.49,36.4,36.2075,36.225,1,1,0,0,0,0,0,0,0,0,0,0,1,37.04,train
24.2,17.7,0.54,0.9175,36.215,35.75,35.3525,34.9425,36.25,36.1625,36.2225,36.2775,35.765,35.7575,35.71,35.805,36.065,35.4375,36.275,36.25,34.24,34.3825,34.4825,33.9425,33.1175,35.085,34.9325,36.6725,36.5225,36.56,1,1,0,0,0,0,0,0,0,0,0,0,1,37.69,train
23.7,48.5,0.6,0.9675,35.56,35.665,34.065,34.42,35.8175,35.5,35.8175,35.835,35.6575,35.605,35.635,35.695,35.375,35.405,35.8375,35.8175,34.775,34.8575,35.255,34.665,34.8625,35.5575,35.41,36.1475,36.13,36.1475,0,1,0,0,0,0,0,0,0,0,0,0,1,37.54,train
24.0,48.0,0.7,1.09,35.0175,35.2475,34.785,34.945,35.235,35.055,35.235,35.275,35.3075,35.2625,35.205,35.32,34.6675,34.8675,35.395,35.3575,34.535,34.5325,34.6725,34.4475,34.43,35.39,35.07,35.68,35.425,35.4725,0,0,0,0,0,0,0,0,1,0,0,0,0,36.74,train
25.5,34.5,0.66,1.085,35.025,35.0675,34.3175,34.3975,35.0475,35.005,35.0125,35.065,35.075,35.075,34.9475,35.1075,34.835,34.81,35.12,35.0975,35.0425,34.57,34.885,34.615,35.075,35.6,35.435,35.635,35.0375,35.0675,0,0,0,0,0,0,0,0,0,0,0,0,1,36.29,train
24.6,25.5,0.6,1.025,36.04,35.95,35.505,35.5775,36.1025,36.02,36.09,36.1375,35.935,35.93,35.74,35.95,35.97,35.5875,36.1375,36.1025,34.98,34.8975,34.8625,34.7725,35.0275,35.915,35.4525,36.3275,35.7525,35.775,0,0,0,0,0,0,0,0,0,0,0,0,1,36.79,train
25.7,38.3,0.6,1.04,35.61,35.47,35.105,35.0275,35.5875,35.56,35.475,35.6575,35.455,35.455,35.11,35.48,35.36,34.805,35.6575,35.59,34.85,34.9875,34.8775,35.0075,34.7625,35.3625,35.29,36.1,35.8725,35.9175,0,1,0,0,0,0,0,0,0,0,0,0,1,36.84,train
23.7,45.8,0.78,0.86,35.4425,35.3075,34.9325,34.7475,35.615,35.385,35.605,35.64,35.3525,35.2575,35.31,35.385,35.2575,35.0025,35.64,35.615,34.2525,34.4175,34.58,34.1925,34.02,34.9375,34.7175,35.86,35.5675,35.5975,1,0,0,1,0,0,0,0,1,0,0,0,0,36.39,train
25.2,33.5,0.55,0.875,36.055,35.46,34.865,34.7525,36.045,36.0275,36.015,36.07,35.6975,35.545,35.6975,35.7425,35.8675,35.095,36.07,36.045,34.9775,34.7025,34.9225,34.7125,35.2275,35.815,35.685,36.3425,36.3,36.3425,0,0,0,0,0,0,0,0,0,0,0,0,1,36.74,train
24.1,20.1,0.66,1.0,35.47,35.285,35.195,35.01,35.4425,35.4425,34.95,35.47,35.2725,35.27,35.085,35.2975,34.9525,35.015,35.47,35.4425,34.43,34.6375,34.695,34.505,34.2925,34.98,34.8625,35.785,35.7125,35.735,0,0,0,0,0,0,0,0,0,0,0,1,0,36.84,train
24.9,26.4,0.7,1.455,36.0075,35.8725,34.7225,35.135,36.1,35.975,36.1,36.1175,35.985,35.9325,35.9775,36.0125,35.6,35.435,36.1175,36.0975,35.76,35.72,35.6425,35.635,35.7925,36.215,36.045,36.215,36.075,36.0975,0,0,0,0,0,0,0,0,1,0,0,0,0,37.24,train
23.5,13.7,0.62,0.7075,34.3075,34.135,33.8175,33.665,34.505,34.4975,34.4,34.5275,34.2025,34.175,34.115,34.2175,34.0425,33.815,35.0925,35.0675,34.0425,34.365,34.04,33.9325,34.4925,35.3275,34.74,35.445,34.0625,34.0975,0,0,0,0,0,0,0,0,1,0,0,0,0,36.39,train
23.9,20.2,0.65,0.8375,36.2225,36.3875,35.245,34.8275,36.2475,36.2475,35.9325,36.285,36.4075,36.3925,36.2525,36.455,35.81,35.835,36.455,36.4075,35.3975,35.23,35.335,35.4425,35.34,35.8025,35.575,36.6025,35.7525,35.77,0,0,0,0,0,0,0,0,0,0,0,0,1,36.94,train
26.2,48.5,0.6,1.9975,36.065,35.925,35.455,35.3875,36.13,36.05,36.1225,36.1675,35.9075,35.885,35.8725,35.95,35.935,35.7775,36.1675,36.1275,35.315,35.34,35.3,35.2675,35.3575,35.725,35.6675,36.43,36.3925,36.43,0,1,0,0,0,0,0,0,0,0,1,0,0,37.19,train
22.0,30.0,0.6,0.96333333,35.6666667,35.4966667,35.1066667,35.2433333,35.8966667,35.8166667,35.71,35.93,35.5,35.48,35.41,35.5266667,35.3966667,35.15,35.93,35.8966667,34.74,34.6233333,34.7933333,34.7466667,34.6633333,35.3066667,35.1233333,35.93,35.2666667,35.2933333,0,0,0,0,0,0,0,0,0,0,0,0,1,36.59,train
25.7,34.2,0.7,1.17,36.6,36.4875,36.1825,36.165,36.6775,36.6,36.67,36.705,36.44,36.435,36.3175,36.4875,36.5075,36.1825,36.705,36.6775,35.46,35.3225,35.515,35.4925,35.84,36.0525,35.96,36.7075,36.2725,36.3025,0,0,0,1,0,0,0,0,0,0,0,0,1,37.44,train
23.0,14.0,0.8,0.495,35.385,35.045,33.9325,34.205,35.3925,35.3675,35.2575,35.4075,35.035,35.035,34.885,35.075,34.7725,34.3825,35.4075,35.3925,33.29,34.06,33.545,33.34,33.7875,35.4725,34.3825,35.98,35.8275,35.8575,0,0,0,1,0,0,0,0,0,0,0,1,0,36.74,train
25.7,60.1,0.75,1.2425,36.1425,35.9275,35.5575,35.6025,36.1175,36.11,36.0675,36.15,35.9375,35.9375,35.71,35.9525,35.995,35.58,36.15,36.1175,34.7725,34.6075,34.85,34.8325,34.775,35.615,35.155,36.305,36.0475,36.07,1,0,0,0,1,0,0,0,0,0,0,0,1,36.89,train
24.2,20.3,0.6,0.7675,35.2175,35.3125,34.1925,34.31,35.3575,35.2375,35.3575,35.385,35.425,35.34,35.425,35.455,34.685,34.7,35.455,35.4275,32.97,33.345,33.985,33.0925,33.1,34.8875,34.01,35.6275,34.865,34.9075,0,0,0,1,0,0,0,0,0,1,0,0,0,36.79,train
23.0,16.0,0.8,0.16,34.41,35.0175,33.8225,34.14,34.43,34.4275,34.2375,34.455,35.01,35.01,34.12,35.0675,34.1975,33.9925,35.0675,35.0075,33.705,33.3475,33.23,33.5,33.845,34.655,33.9475,35.4925,35.4425,35.4625,0,1,0,0,0,0,0,0,0,0,0,0,1,35.99,train
23.4,22.8,0.8,0.78,35.7325,35.9175,35.3275,35.5375,35.7625,35.7625,35.24,35.795,35.9425,35.9275,35.88,35.97,35.1175,35.72,35.97,35.9425,34.8275,34.335,34.9525,34.7725,34.9975,35.54,35.4725,36.1725,35.575,35.6125,0,1,0,0,0,0,0,0,0,0,1,0,0,37.04,train
25.3,54.2,0.67,1.535,35.6175,35.525,35.31,35.1825,35.6025,35.6025,35.5025,35.62,35.54,35.525,35.48,35.565,35.4925,35.2375,35.6175,35.605,34.4425,34.505,34.6375,34.5225,34.4475,35.09,34.8125,36.03,35.9525,35.98,0,0,0,0,0,0,0,0,0,0,0,0,1,37.14,train
25.1,33.5,0.65,1.26,35.075,35.0175,34.5575,34.6425,35.075,35.075,34.96,35.095,35.0725,35.025,34.89,35.095,34.8975,34.6,35.1425,35.125,34.6475,34.3325,34.34,34.49,34.755,35.2625,34.8825,35.9675,35.8325,35.8475,0,0,0,0,0,0,0,0,0,1,0,0,0,36.64,train
24.0,26.3,0.6,0.955,35.735,35.49,35.3,35.12,35.7275,35.705,35.6475,35.76,35.6675,35.645,35.5,35.695,35.4375,35.2525,35.7975,35.77,34.8125,34.45,34.8925,34.8,34.725,35.405,35.4025,35.9275,35.57,35.6025,0,0,0,0,0,0,0,0,0,0,1,0,0,36.89,train
24.1,31.3,0.6,1.2175,35.525,35.695,33.9275,34.2425,35.5525,35.4825,35.515,35.58,35.6775,35.675,35.475,35.6975,35.1425,35.1225,35.6975,35.6775,34.83,34.6225,34.5625,34.5875,34.7075,35.2525,35.105,35.94,35.7375,35.7775,0,0,0,0,0,0,0,0,0,0,0,0,1,36.84,train
23.9,15.3,0.65,0.6425,35.28,35.7725,34.5925,34.7825,35.37,35.365,35.3325,35.385,35.7375,35.7375,35.4975,35.7725,34.65,35.205,35.7725,35.7375,34.5225,34.7,34.715,34.3875,34.605,35.11,34.8875,35.9125,35.7625,35.785,1,1,0,0,0,0,0,0,0,0,0,0,1,36.94,train
24.0,17.2,0.66,0.8425,36.0775,35.7575,35.7575,35.3,36.06,36.0475,35.97,36.085,35.73,35.7275,35.6275,35.765,35.845,35.49,36.085,36.06,34.8575,34.5375,35.0325,34.905,33.37,35.465,35.24,36.275,36.03,36.0525,1,1,0,0,0,0,0,0,0,0,0,1,0,36.89,train
24.2,18.0,0.65,0.915,35.0,35.5075,34.305,34.7775,35.43,34.985,35.43,35.4975,35.5925,35.4275,35.5775,35.6425,34.61,35.1675,35.6825,35.6375,34.195,34.085,34.1075,34.1475,34.3375,35.49,34.7125,35.995,35.855,35.9025,0,0,0,0,0,0,0,0,0,0,0,1,0,37.14,train
24.3,14.3,0.7,1.025,34.655,34.685,33.1025,33.7525,34.76,34.725,34.6725,34.7725,34.7575,34.6575,34.7175,34.815,33.8625,34.34,34.8525,34.8275,34.045,33.895,34.14,33.7375,34.2975,34.96,34.595,35.33,35.035,35.07,0,0,0,0,0,0,0,0,0,1,0,0,0,36.74,train
24.6,27.5,0.62,1.07,35.36,35.3525,35.06,34.97,35.45,35.45,35.075,35.475,35.3375,35.3375,34.9425,35.37,34.96,34.87,35.6625,35.625,34.7925,34.8675,35.04,34.6425,34.4375,35.395,35.27,36.19,36.1625,36.19,0,0,0,0,0,0,0,0,1,0,0,0,0,37.29,train
23.3,46.9,0.76,0.81,35.3075,35.31,34.64,34.6825,35.3725,35.23,35.3725,35.41,35.3725,35.3125,35.3625,35.415,35.1125,34.9725,35.43,35.3975,33.685,33.9625,33.41,33.445,33.905,34.4825,34.2425,35.905,35.75,35.7875,1,0,0,0,0,0,0,0,0,1,0,0,0,36.89,train
23.7,61.2,0.8,0.75,35.5825,35.68,35.055,35.325,35.555,35.555,35.3125,35.585,35.66,35.66,35.305,35.685,35.225,35.3,35.68,35.6575,34.0825,34.1325,34.1425,34.23,34.13,34.845,34.6525,35.845,35.6875,35.7175,1,0,0,0,1,0,0,0,0,0,0,0,1,36.49,train
24.0,20.5,0.6,0.8275,35.4775,35.6275,34.32,34.8025,35.6175,35.4225,35.61,35.6425,35.7775,35.7375,35.7575,35.795,35.2625,35.5325,35.795,35.79,34.8275,35.4875,35.2775,34.86,35.4175,35.9125,35.7525,36.0925,35.7075,35.7225,0,1,0,0,0,0,0,0,0,1,0,0,0,37.04,train
25.0,28.9,0.64,0.7525,35.2875,35.6175,34.8425,35.0175,35.6325,35.3125,35.63,35.67,35.76,35.58,35.76,35.785,34.83,35.345,35.85,35.7975,34.7275,34.6475,34.5225,34.5375,35.2725,36.1525,35.5625,36.4575,36.255,36.3025,0,1,0,0,0,0,0,0,1,0,0,0,0,37.39,train
23.9,27.6,0.7,1.0325,36.765,36.82,35.9475,35.945,36.785,36.71,36.6675,36.8125,36.87,36.7825,36.84,36.9025,36.6325,36.67,36.9025,36.87,35.3875,35.325,35.345,35.205,35.44,35.9775,35.8575,36.905,35.89,35.9225,0,0,0,0,0,0,0,0,0,0,0,0,1,37.74,train
22.7,14.0,0.7,0.6725,34.575,34.9425,32.1025,33.61,34.785,34.525,34.7775,34.8125,34.9525,34.9325,34.855,34.9775,34.2125,34.5675,35.01,34.975,33.5,33.42,33.795,33.59,33.8675,35.1775,34.12,35.355,34.95,34.995,0,1,0,0,0,0,0,0,0,0,0,0,1,36.49,train
23.0,14.0,0.73,0.875,35.3475,35.5925,34.95,35.145,35.3725,35.37,35.2525,35.405,35.5825,35.5825,35.285,35.61,35.1075,34.9775,35.61,35.5825,34.305,34.43,34.845,34.2925,34.035,35.17,35.09,35.735,34.9175,34.9675,1,0,0,1,0,0,0,0,1,0,0,0,0,36.79,train
27.9,31.0,0.7,1.6225,35.4325,35.6875,34.7625,35.19,35.815,35.64,35.68,35.84,35.78,35.695,35.605,35.805,35.15,35.37,35.8775,35.8475,35.405,35.4775,35.29,35.3375,35.55,36.025,35.77,36.2025,35.8375,35.8725,0,1,0,0,0,0,0,0,0,0,0,1,0,36.79,train
23.9,27.7,0.6,0.6675,35.5975,35.6525,35.01,35.2525,35.5775,35.5575,35.505,35.6175,35.66,35.65,35.6325,35.6725,35.16,35.3275,35.69,35.67,34.4975,34.625,34.5675,34.55,34.7875,35.38,35.0175,36.065,35.935,35.965,0,0,0,0,0,0,0,0,0,0,0,0,1,36.84,train
23.1,22.8,0.8,0.94,34.535,34.905,33.96,34.25,34.67,34.67,34.355,34.71,34.86,34.835,34.81,34.91,34.105,34.485,34.91,34.895,34.375,34.115,33.995,34.17,34.365,35.245,34.785,35.695,35.09,35.11,0,0,0,0,0,0,0,0,1,0,0,0,0,36.14,train
21.4,42.9,0.6,0.45,35.6025,35.14,35.165,34.44,35.5775,35.5775,35.3525,35.6025,35.14,35.0725,35.1075,35.165,34.8925,34.98,35.6025,35.5775,33.59,34.055,33.8025,33.6525,33.825,34.9175,34.27,35.8,35.0,35.0275,0,0,0,1,0,0,0,0,1,0,0,0,0,37.04,train
25.1,36.8,0.7,1.06333333,35.3466667,35.3133333,34.9166667,34.8133333,35.36,35.36,35.1166667,35.3933333,35.38,35.37,35.0666667,35.3933333,34.8066667,34.87,35.5366667,35.4933333,34.6,34.4966667,34.78,34.5566667,35.0066667,35.9,35.5233333,36.0133333,35.8433333,35.9033333,0,1,0,0,0,0,0,0,1,0,0,0,0,36.99,train
23.4,13.9,0.6,0.77666667,35.4866667,35.6733333,34.72,35.27,35.4633333,35.4633333,35.27,35.4866667,35.6366667,35.6366667,35.3366667,35.6733333,34.93,35.14,35.6733333,35.6333333,34.42,34.55,34.4366667,34.4766667,34.4466667,35.2133333,34.8266667,36.2966667,36.2566667,36.2966667,1,1,0,0,0,0,0,0,0,0,0,0,1,36.84,train
23.7,42.6,0.63,0.8175,36.09,35.985,35.815,35.6625,36.2725,36.095,36.1475,36.31,36.07,36.0225,35.8475,36.12,35.7775,35.45,36.31,36.2725,34.595,34.8,34.5425,34.72,34.675,35.535,35.0725,36.4925,36.0,36.055,0,0,0,0,0,0,0,0,1,0,0,0,0,37.34,train
27.0,28.2,0.6,1.58,35.3725,35.4875,34.9425,35.185,35.4525,35.3675,35.4475,35.4675,35.5225,35.495,35.4925,35.545,35.2125,35.3125,35.545,35.5225,35.1575,34.965,35.095,35.11,35.2775,35.6825,35.575,35.8425,35.76,35.7775,0,0,0,0,0,0,0,0,0,0,0,0,1,36.94,train
23.8,28.3,0.7,1.07666667,35.375,35.48,34.615,34.835,35.5766667,35.31,35.5766667,35.6133333,35.5866667,35.4466667,35.5833333,35.6066667,35.2666667,35.3433333,35.62,35.6033333,33.98,33.5966667,34.2333333,33.6366667,34.0766667,34.7033333,34.6533333,35.6333333,35.1533333,35.19,0,1,0,0,0,0,0,0,0,0,0,0,1,36.34,train
24.2,13.5,0.6,1.05,34.785,35.245,34.1225,34.61,34.895,34.8225,34.8925,34.915,35.245,35.245,35.1025,35.2775,34.55,34.8425,35.2775,35.245,33.8075,34.2775,32.1225,33.8075,34.415,35.1125,34.7275,35.4425,35.1775,35.215,1,0,0,0,0,0,0,0,1,0,0,0,0,36.29,train
22.4,18.2,0.74,0.745,34.705,34.9875,34.125,34.6825,35.2575,35.06,35.255,35.2925,35.1825,35.1375,35.0825,35.1975,34.5325,34.7775,35.315,35.2925,34.455,34.6,34.7025,34.3675,34.265,35.265,35.175,35.745,35.3775,35.42,1,1,0,0,0,0,0,0,1,0,0,0,0,37.14,train
23.9,15.6,0.6,0.9125,35.575,35.4175,35.3,35.09,35.565,35.565,35.4125,35.6075,35.54,35.42,35.5375,35.575,35.255,35.1625,35.7275,35.7025,34.9025,34.755,34.3675,34.7675,34.86,35.47,35.1425,36.11,36.04,36.065,1,0,0,0,0,0,0,0,0,0,0,1,0,36.59,train
25.7,34.8,0.77,1.185,36.7625,36.335,35.9625,35.4125,36.7625,36.73,36.74,36.79,36.315,36.315,36.1775,36.335,36.5975,35.945,36.79,36.7625,36.0525,36.1125,35.3225,35.95,35.53,36.6175,36.475,36.915,36.425,36.4575,1,0,0,0,0,0,0,0,0,0,0,0,1,37.79,train
24.0,42.8,0.58,1.275,35.29,35.465,34.6975,34.9875,35.3975,35.3475,35.3575,35.42,35.4775,35.4775,35.3975,35.4875,34.9875,35.2275,35.4975,35.48,34.6575,34.375,34.38,34.3275,34.8375,35.01,34.98,35.7575,35.655,35.6775,1,0,0,1,0,0,0,0,0,0,0,0,1,36.69,train
23.4,10.2,0.6,0.4275,34.95,35.045,34.23,34.0425,35.0925,34.945,34.98,35.1225,35.255,35.0525,35.255,35.305,34.7,34.865,35.305,35.255,34.015,33.84,34.125,33.755,34.465,35.22,34.7075,35.65,35.4025,35.42,0,0,0,0,0,0,0,0,0,0,0,0,1,36.39,train
24.1,41.3,0.6,0.92,36.6875,36.2875,35.9775,35.625,36.65,36.65,36.4675,36.6875,36.305,36.265,36.26,36.345,36.355,35.8725,36.6875,36.65,34.7575,34.765,34.8,34.945,34.4775,36.2675,35.2,37.0425,36.8125,36.835,1,1,0,0,0,0,0,0,0,1,0,0,0,38.54,train
24.0,35.6,0.72,0.8175,35.8225,35.635,35.5525,35.3125,35.83,35.825,35.7475,35.86,35.775,35.7675,35.5975,35.8025,35.475,35.3825,35.8775,35.855,35.09,35.26,35.09,35.13,35.27,35.9225,35.75,36.3925,36.365,36.3925,0,1,0,0,0,0,0,0,1,0,0,0,0,37.29,train
24.0,16.5,0.7,0.72,34.7825,34.2125,34.045,33.755,34.755,34.755,34.505,34.7875,34.24,34.2375,34.07,34.27,34.2125,33.8825,35.0025,34.945,34.1875,33.69,33.4775,33.5325,34.515,35.275,34.62,36.12,36.0875,36.12,0,1,0,0,0,0,0,0,1,0,0,0,0,36.24,train
27.8,36.5,0.65,1.6625,35.71,35.8425,35.32,35.4375,35.765,35.6725,35.735,35.795,35.9575,35.8425,35.9325,35.98,35.4975,35.735,35.98,35.9575,34.89,35.01,34.785,34.85,34.735,35.5925,35.265,36.3475,36.27,36.29,0,1,0,0,0,0,0,0,1,0,0,0,0,37.04,train
25.8,43.1,0.64,2.2275,35.255,35.465,34.99,35.2375,35.2725,35.255,35.205,35.285,35.475,35.47,35.335,35.49,35.13,35.29,35.49,35.475,35.035,34.8275,34.96,34.925,35.24,35.4575,35.38,35.68,35.4875,35.5,0,0,0,0,0,0,0,0,1,0,0,0,0,36.79,train
24.2,22.5,0.66,0.92,35.47,35.345,34.5625,34.585,35.4925,35.455,35.4325,35.54,35.34,35.34,35.08,35.3725,35.17,34.4175,35.54,35.4925,34.6275,34.5,34.3375,34.3675,34.9225,35.46,35.23,36.0025,35.9475,35.9725,0,0,0,1,0,0,0,0,0,0,0,0,1,37.19,train
24.0,24.6,0.6,1.27,35.9675,36.08,35.1325,35.7775,36.04,35.9275,36.03,36.0725,36.09,36.06,36.0725,36.115,35.8475,35.8675,36.1275,36.105,35.0175,35.1725,34.8475,34.84,34.96,35.8825,35.3875,36.3225,36.0125,36.0475,0,1,0,0,0,0,0,0,1,0,0,0,0,36.94,train
23.9,49.2,0.7,1.0,35.0875,35.2825,34.4675,34.9,35.2925,34.9975,35.2925,35.3325,35.3925,35.245,35.39,35.4175,34.965,35.1125,35.435,35.4025,34.6925,34.71,34.355,34.4275,34.44,34.9875,34.9,35.6,35.285,35.3375,1,1,0,0,0,0,0,0,1,0,0,0,0,36.49,train
23.1,20.4,0.75,0.8375,35.7075,35.7175,34.7325,35.23,35.7325,35.6375,35.705,35.7675,35.6925,35.6875,35.5075,35.7275,35.5375,35.305,35.7975,35.7625,34.3825,34.365,34.455,34.3275,34.335,35.0275,34.95,36.0625,35.97,36.01,0,0,0,0,0,0,0,0,0,0,1,0,0,37.14,train
22.5,35.8,0.78,0.7625,34.74,34.97,33.94,34.2075,34.9,34.72,34.9,34.94,34.95,34.9275,34.9175,34.9925,34.49,34.8675,35.025,34.9875,33.595,33.4225,33.6475,33.4775,33.195,34.015,33.82,35.39,35.2925,35.33,1,0,0,1,0,0,0,0,0,1,0,0,0,36.54,train
22.9,47.4,0.66,0.845,35.035,35.205,34.585,34.785,35.23,35.23,34.795,35.275,35.405,35.34,35.295,35.42,34.44,34.97,35.53,35.51,35.065,35.06,35.175,35.145,34.85,35.52,35.465,35.53,35.185,35.21,1,1,0,0,0,0,0,0,1,0,0,0,0,36.89,train
23.8,23.6,0.75,0.945,36.15,35.845,34.4325,34.2275,36.55,36.52,36.5,36.5825,35.975,35.965,35.8675,36.0125,35.745,35.025,36.63,36.6125,35.515,35.7725,34.8825,35.265,35.665,36.99,36.055,37.415,36.9225,36.95,1,1,0,0,0,0,0,0,0,1,0,0,0,38.94,train
23.4,19.2,0.8,0.97,35.6175,35.33,35.1125,34.73,35.6025,35.6025,35.07,35.645,35.3525,35.3225,35.2225,35.3975,34.7625,34.725,35.645,35.6025,34.4775,34.44,34.315,34.445,34.38,35.105,34.9675,35.9075,35.7125,35.77,0,0,0,0,0,0,0,0,0,1,0,0,0,36.69,train
25.3,22.9,0.6,1.2075,35.3275,35.465,34.865,35.0425,35.3925,35.3075,35.3675,35.4175,35.5025,35.41,35.4675,35.5425,35.0475,35.2925,35.6975,35.685,34.7125,34.7225,34.9025,34.69,34.7675,35.48,35.0975,36.0525,35.7825,35.8075,0,0,0,0,0,0,0,0,0,1,0,0,0,37.34,train
26.1,53.8,0.6,1.33,35.32,35.615,34.0825,34.8275,35.5875,35.3775,35.5875,35.6175,35.655,35.61,35.65,35.68,34.92,35.2125,35.68,35.655,33.535,33.25,33.6325,33.6875,33.615,34.7725,34.4075,35.7775,35.4825,35.505,1,0,0,0,0,0,0,0,0,0,0,0,1,36.44,train
25.4,51.1,0.6,0.8025,36.54,36.7125,36.0425,36.095,36.505,36.4975,36.4025,36.54,36.675,36.675,36.5575,36.7125,36.2725,36.465,36.7125,36.675,35.4975,35.565,35.9025,35.5075,35.9675,36.4575,36.4425,36.7925,36.735,36.7725,0,1,0,0,0,0,0,0,0,0,1,0,0,37.79,train
23.7,14.3,0.6,0.6375,35.2325,35.345,34.3125,34.43,35.37,35.3175,35.26,35.395,35.4725,35.4175,35.4,35.52,34.605,34.925,35.52,35.47,34.465,34.8525,34.555,34.38,34.75,35.5125,35.235,35.8025,35.5625,35.6175,0,0,0,0,0,0,0,0,0,1,0,0,0,37.39,train
23.4,16.7,0.62,1.25,35.365,35.43,34.925,34.9475,35.4625,35.4325,35.155,35.475,35.4425,35.4325,35.2575,35.45,34.86,35.075,35.5325,35.5225,34.74,34.5925,35.0,34.68,34.8075,35.455,35.325,35.655,35.41,35.43,0,0,0,0,0,0,0,0,0,0,0,0,1,36.64,train
23.4,19.2,0.8,1.0825,35.165,35.4175,34.6975,34.805,35.195,35.195,34.8675,35.2275,35.4075,35.375,35.3025,35.44,34.625,35.1025,35.44,35.405,34.2925,33.9775,34.175,34.23,34.3575,35.3375,34.62,35.6675,35.3525,35.385,1,0,0,0,0,0,0,0,0,0,0,1,0,37.04,train
25.7,30.2,0.6,1.095,35.5825,35.67,35.1125,34.98,35.635,35.5875,35.625,35.6575,35.805,35.6825,35.8025,35.825,35.085,35.335,35.8375,35.815,35.11,35.18,35.0675,34.94,35.2375,35.6525,35.42,36.0075,35.815,35.84,1,0,0,0,0,0,0,0,1,0,0,0,0,36.79,train
22.0,30.0,0.6,1.0725,36.945,37.0675,36.3825,36.4825,36.925,36.92,36.82,36.9475,37.05,37.0325,36.905,37.08,36.6725,36.8775,37.08,37.05,35.4175,35.595,35.1225,35.4225,35.4425,36.195,35.8175,37.1275,36.7275,36.7425,1,0,0,0,0,0,0,0,0,0,0,0,1,38.14,train
23.2,37.3,0.6,0.75,36.0625,35.95,35.085,34.8125,36.0625,35.965,36.03,36.09,35.905,35.8925,35.8225,35.96,35.73,35.41,36.09,36.065,34.3725,34.64,34.7875,34.4425,34.4425,35.4075,35.0175,36.14,35.68,35.7275,1,1,0,0,0,0,0,0,0,0,0,0,1,37.04,train
24.0,13.3,0.6,0.965,35.855,35.89,35.495,35.545,35.8325,35.825,35.6325,35.855,35.9425,35.9425,35.7175,35.9775,35.5025,35.5025,35.9775,35.9475,35.1775,35.0225,35.175,35.1225,35.2275,36.0875,35.4175,36.1025,35.04,35.0875,1,0,0,0,0,0,0,0,1,0,0,0,0,37.29,train
24.2,18.1,0.7,0.655,35.61,35.6375,34.9625,35.0175,35.665,35.4425,35.655,35.705,35.605,35.5425,35.5525,35.64,35.2625,35.0975,35.9525,35.925,35.0825,34.76,34.83,34.7875,35.185,35.58,35.515,36.065,35.505,35.535,1,1,0,0,0,0,0,0,1,0,0,0,0,37.09,train
21.6,55.3,0.66,0.8025,35.1125,34.8375,34.6825,34.4225,35.255,35.08,35.1025,35.3325,34.8925,34.79,34.74,34.9425,34.705,34.535,35.3325,35.2775,34.6425,34.7425,34.2975,34.4775,34.685,35.16,35.015,35.69,35.01,35.055,0,0,0,0,0,0,0,0,1,0,0,0,0,37.04,train
23.1,24.2,0.62,0.93,35.6175,35.5275,34.935,34.925,35.6475,35.63,35.41,35.67,35.635,35.575,35.595,35.655,35.045,35.1675,35.68,35.665,34.5625,34.67,34.9275,34.345,34.2425,35.37,35.3125,36.19,35.9625,35.9875,0,0,0,1,0,0,0,0,0,0,0,0,1,36.99,train
23.4,16.2,0.65,0.7325,36.0275,35.7,35.2125,35.015,36.0125,36.0125,35.605,36.0275,35.74,35.74,35.335,35.77,35.315,35.095,36.0275,36.0125,34.6975,34.6475,34.015,34.6125,34.6825,35.565,35.0075,36.195,35.8125,35.835,1,0,0,0,0,0,0,0,0,0,0,0,1,36.84,train
22.4,51.0,0.64,0.8025,34.935,34.6025,34.2825,33.84,34.94,34.9225,34.675,34.96,34.7375,34.6925,34.6725,34.775,34.4575,33.8825,34.9675,34.9425,33.27,32.7225,33.425,33.025,33.325,34.1475,33.6875,35.505,35.415,35.485,0,0,0,0,0,0,0,0,0,0,0,0,1,36.54,train
25.9,15.8,0.68,0.9975,35.9375,35.8625,35.41,35.2625,36.0725,36.07,35.685,36.095,35.8525,35.8525,35.435,35.895,35.415,35.14,36.095,36.075,34.94,34.7975,34.7325,34.9275,35.2425,35.565,35.395,36.365,36.005,36.0525,1,0,0,0,0,0,0,0,0,1,0,0,0,37.24,train
23.8,45.6,0.6,0.8675,35.7075,35.5825,34.8875,35.0875,35.7025,35.68,35.6875,35.725,35.5975,35.535,35.4725,35.635,35.495,35.3725,35.7525,35.7125,34.5475,34.65,34.67,34.215,34.71,35.1525,35.1175,35.9725,35.89,35.9175,0,0,0,0,0,0,0,0,0,0,0,0,1,37.19,train
24.1,12.5,0.6,0.82,35.58,35.6625,34.825,35.11,35.5625,35.54,35.29,35.5925,35.7425,35.7425,35.1275,35.7575,35.22,34.8,35.7575,35.7425,34.8825,34.8425,34.8725,34.75,34.835,35.425,35.305,36.065,35.72,35.7525,0,0,0,0,0,0,0,0,1,0,0,0,0,36.94,train
24.4,14.7,0.63,0.855,35.655,35.5325,35.1925,35.2075,35.6125,35.6,35.485,35.655,35.5275,35.515,35.4125,35.5475,35.3225,35.1575,36.06,36.025,34.88,34.845,34.805,34.9825,34.9075,35.6025,35.1875,36.365,36.1725,36.195,0,1,0,0,0,0,0,0,1,0,0,0,0,37.14,train
24.1,40.3,0.6,-0.2175,35.36,35.5975,34.6625,35.1075,35.37,35.3325,35.335,35.4,35.58,35.58,35.4675,35.5975,35.1025,35.0775,35.5975,35.58,34.17,34.5275,34.1475,34.245,34.0875,34.7325,34.615,35.6075,35.3175,35.38,1,0,1,0,0,0,0,0,1,0,0,0,0,36.69,train
25.6,24.3,0.71,1.21,35.67,36.035,34.41,35.345,35.8425,35.655,35.84,35.855,35.9925,35.9925,35.8575,36.035,35.245,35.6925,36.035,35.9925,34.76,35.1325,34.33,34.7175,34.795,35.36,35.3275,36.19,36.01,36.0325,1,0,0,1,0,0,0,0,0,0,0,0,1,37.14,train
24.9,35.6,0.6,1.2075,36.0025,36.2275,35.115,35.7125,36.0,35.975,35.9625,36.0375,36.185,36.185,35.9825,36.2275,35.835,35.7875,36.2275,36.185,34.0675,34.555,34.4625,34.135,33.455,35.4325,34.9475,36.5575,36.5325,36.5575,1,1,0,0,0,0,0,0,1,0,0,0,0,37.09,train
28.6,28.5,0.7,1.4025,37.12,36.925,36.555,36.145,37.105,37.105,36.98,37.1275,37.0225,36.98,36.9925,37.045,36.3075,36.265,37.1275,37.105,35.7525,35.6325,35.6875,35.82,35.88,36.435,36.11,37.1275,36.7975,36.8425,1,1,0,0,0,0,0,0,0,0,0,0,1,37.94,train
26.5,28.8,0.63,1.425,36.1775,36.48,35.765,36.155,36.145,36.14,36.0,36.1875,36.4675,36.4675,36.1975,36.4925,35.75,36.0325,36.4925,36.4675,35.8325,35.62,35.975,35.71,35.9725,36.4825,36.405,36.5975,36.3875,36.4425,0,0,0,0,0,0,0,0,1,0,0,0,0,37.49,train
23.8,42.1,0.67,0.99,36.31,36.2125,35.805,35.86,36.48,36.3175,36.39,36.5125,36.195,36.175,35.9225,36.2275,36.095,35.81,36.5125,36.4775,35.0975,34.92,34.715,35.1675,34.7875,35.865,35.4275,36.7475,36.65,36.68,1,0,0,0,0,0,0,0,0,0,0,0,1,37.94,train
23.6,21.1,0.6,0.54,34.63,34.435,34.13,33.985,34.7275,34.7275,34.15,34.7525,34.5625,34.395,34.465,34.5875,34.0675,34.1925,34.8225,34.7775,31.9825,31.4525,32.9325,31.8075,32.065,33.8325,33.4625,35.325,35.26,35.2975,0,0,0,0,0,0,0,0,1,0,0,0,0,36.54,train
24.8,19.9,0.6,1.1825,35.7675,35.915,34.87,35.065,35.7375,35.735,35.685,35.7675,35.935,35.9275,35.755,35.96,35.42,35.2175,35.96,35.935,35.105,34.77,34.895,34.625,35.29,35.64,35.5075,36.035,35.895,35.9325,0,0,0,0,0,0,0,0,0,0,0,0,1,37.09,train
22.7,49.7,0.6,-0.015,34.5075,34.3475,33.8275,34.06,34.6075,34.575,34.5625,34.635,34.3675,34.3675,34.1675,34.4025,34.31,33.9575,34.8275,34.805,31.38,32.8725,31.7475,33.0625,31.22,34.3275,34.125,35.06,34.8525,34.89,0,0,0,0,0,0,1,0,0,0,0,0,1,36.59,train
22.8,19.7,0.76,0.8075,35.475,34.945,35.0575,34.605,35.4875,35.4875,35.1825,35.515,34.9325,34.9275,34.8425,34.945,35.0975,34.79,35.515,35.4875,33.8075,33.5975,33.5775,33.7325,34.05,35.065,34.3675,35.795,35.54,35.5825,1,0,0,0,0,0,0,0,0,0,1,0,0,36.99,train
25.9,30.7,0.6,1.57,36.05,36.2925,35.64,35.98,36.115,36.0125,36.115,36.1425,36.2625,36.2625,36.175,36.2925,35.8975,36.12,36.2925,36.2625,35.585,35.6,35.69,35.4,35.7575,36.0825,35.955,36.345,36.0875,36.12,1,0,0,0,0,0,0,0,1,0,0,0,0,37.04,train
24.0,27.2,0.6,0.88,35.05,35.5725,33.735,34.5925,35.18,35.03,35.18,35.2125,35.5475,35.545,35.5025,35.5725,34.39,35.2425,35.5725,35.5475,34.125,34.325,34.2475,34.175,34.1175,35.1625,34.6775,36.1125,36.1,36.1125,0,0,0,0,0,0,0,0,0,0,0,0,1,36.94,train
23.0,15.5,0.6,0.765,35.62,35.635,35.0575,35.26,35.615,35.6125,35.4325,35.645,35.6125,35.6125,35.2975,35.64,35.24,35.1075,35.685,35.66,34.4975,34.6325,34.5075,34.37,34.785,35.2525,35.04,36.0625,35.91,35.96,0,0,0,0,0,0,0,0,0,0,0,1,0,36.99,train
22.0,34.2,0.75,0.5625,35.21,34.9175,34.36,34.345,35.1775,35.1775,34.66,35.2125,34.9,34.895,34.805,34.92,34.365,34.5975,35.21,35.175,33.76,33.915,34.06,33.5525,33.76,35.405,34.77,35.6625,35.385,35.425,0,1,0,0,0,0,0,0,0,0,0,0,1,37.04,train
24.0,19.6,0.6,0.855,35.415,35.585,34.56,34.79,35.475,35.445,35.445,35.4925,35.6275,35.605,35.5925,35.6475,34.91,35.105,35.6475,35.6275,34.5,34.3325,34.48,34.45,34.6775,35.3925,35.0275,35.8325,35.53,35.555,0,1,0,0,0,0,0,0,1,0,0,0,0,36.99,train
23.7,21.2,0.7,0.9975,35.9225,35.7225,35.185,35.315,35.9325,35.9325,35.4175,35.9575,35.735,35.735,35.33,35.76,35.2625,35.315,35.9575,35.9325,34.84,35.0575,34.915,34.985,34.7875,35.41,35.3025,36.185,35.5625,35.5875,1,0,0,0,0,0,0,0,0,0,1,0,0,37.04,train
25.7,30.0,0.6,0.8025,35.6775,35.5625,34.9975,34.9075,35.75,35.6425,35.745,35.7725,35.82,35.75,35.81,35.8475,35.5375,35.4275,35.8925,35.8725,35.5725,35.3,35.72,35.43,35.61,35.9275,35.9125,36.1525,35.955,36.0075,0,1,0,0,0,0,0,0,1,0,0,0,0,36.84,train
24.8,59.3,0.6,0.9,36.6475,36.2625,36.31,35.7525,36.6375,36.6375,36.5525,36.655,36.34,36.2425,36.06,36.355,36.41,35.7875,36.6525,36.6375,35.3975,35.745,35.3675,35.4375,35.6575,36.04,36.01,36.7075,36.0375,36.075,1,0,0,0,0,0,0,0,0,0,0,0,1,37.29,train
24.3,18.8,0.6,0.915,35.4775,35.9725,34.955,35.4375,35.64,35.4625,35.64,35.6625,35.945,35.9175,35.9025,35.9875,35.36,35.875,35.9875,35.945,35.0275,34.615,34.9725,34.6925,34.975,35.69,35.355,36.28,36.225,36.2475,1,0,0,0,0,0,1,0,0,0,0,1,0,37.14,train
22.3,30.6,0.7,0.125,34.3575,34.6725,33.875,34.295,34.4975,34.38,34.4225,34.5225,34.6925,34.6775,34.4625,34.715,34.095,34.2425,34.965,34.915,33.195,32.645,33.2125,33.1925,33.3625,34.22,33.6975,35.1325,34.94,34.9625,0,1,0,0,0,0,0,0,1,0,0,0,0,35.99,train
22.6,22.6,0.8,0.5675,35.4925,35.5525,34.3425,34.455,35.4475,35.4475,35.1525,35.4925,35.5075,35.5075,34.895,35.555,35.0625,34.465,35.555,35.515,34.2675,34.0975,34.05,34.0925,34.3225,35.0625,34.6675,35.785,35.6525,35.675,1,1,0,0,0,0,0,0,0,0,0,0,1,36.54,train
25.4,15.0,0.62,1.0675,35.2675,35.375,34.9725,34.85,35.3375,35.3125,35.325,35.3675,35.43,35.3925,35.385,35.45,35.03,35.0,35.4625,35.4425,34.4675,34.485,34.6325,34.5425,34.4225,35.2475,34.8275,35.865,35.8275,35.865,1,0,0,0,0,0,0,0,0,1,0,0,0,36.69,train
24.4,31.9,0.65,1.2,35.41,35.65,33.8525,34.565,35.75,35.3225,35.75,35.7875,35.775,35.6275,35.7625,35.815,34.9625,35.215,35.8275,35.795,34.87,35.175,35.01,34.73,34.5775,35.5625,35.3625,35.8275,35.2525,35.28,1,0,0,0,0,0,0,0,0,0,0,1,0,36.59,train
24.9,15.4,0.63,0.9225,35.48,35.27,34.5175,34.2175,35.615,35.5575,35.585,35.65,35.3125,35.275,35.29,35.3375,34.835,34.9525,35.65,35.6175,34.25,34.83,34.465,34.2975,34.4525,35.3,35.0775,35.87,35.71,35.74,0,0,0,0,0,0,0,0,0,0,0,0,1,36.69,train
24.1,49.3,0.58,1.02,35.615,35.84,34.8275,35.24,35.665,35.5925,35.66,35.675,35.8325,35.81,35.7875,35.865,35.46,35.595,35.865,35.8325,34.4075,34.2075,34.4025,34.3975,35.0275,35.53,35.1625,36.085,35.7225,35.755,0,0,0,0,0,0,0,0,0,0,0,0,1,36.89,train
25.6,27.2,0.6,1.14,35.715,35.7825,35.315,35.0525,35.74,35.735,35.61,35.765,35.805,35.805,35.63,35.83,35.5825,35.465,35.8325,35.8075,35.1925,35.2825,35.175,35.055,35.5025,35.65,35.625,36.175,36.14,36.175,1,0,0,0,0,0,0,0,0,0,0,0,1,37.04,train
24.3,15.5,0.6,0.885,34.4625,34.51,33.565,33.355,34.62,34.4375,34.515,34.66,34.625,34.48,34.4225,34.6425,34.16,34.0675,34.67,34.65,33.4175,33.1475,33.385,32.9675,33.61,34.7625,33.9425,35.375,35.35,35.375,0,0,0,1,0,0,0,0,0,0,0,1,0,36.74,train
23.4,27.3,0.8,0.7975,35.1225,35.4025,34.495,34.995,35.3775,35.105,35.3775,35.45,35.38,35.3675,35.1275,35.4075,34.8675,35.0625,35.4675,35.4375,34.8775,34.7025,34.6375,34.475,34.8425,35.6175,35.185,36.0825,35.8675,35.91,0,0,0,0,0,0,0,0,1,0,0,0,0,37.29,train
23.9,17.4,0.61,1.12,35.2375,35.1725,35.015,34.925,35.365,35.295,35.3225,35.395,35.2675,35.2675,35.0925,35.2925,34.9475,34.8225,35.4125,35.4,34.765,34.7075,34.9275,34.545,34.5925,35.7025,35.3775,36.0275,35.88,35.9325,0,0,0,0,0,0,0,0,1,0,0,0,0,37.09,train
24.8,57.0,0.73,1.3675,35.125,35.3375,34.515,34.99,35.1175,35.0725,35.11,35.1475,35.31,35.31,35.065,35.3375,35.0475,35.0775,35.3375,35.31,33.9475,33.09,33.46,33.48,34.205,34.4675,34.3575,35.54,34.77,34.7925,0,1,0,0,0,0,0,0,0,0,0,0,1,36.84,train
24.2,39.0,0.6,1.1975,37.13,36.9775,36.045,35.975,37.275,37.195,37.2275,37.3125,37.1725,37.1725,36.995,37.2025,36.2925,36.135,37.3125,37.28,35.7125,34.7125,34.9375,35.655,35.715,36.1325,35.995,37.585,37.4325,37.4725,1,0,0,0,0,0,0,0,0,0,0,0,1,39.24,train
23.7,11.6,0.6,1.1275,35.1725,35.375,34.0975,34.1725,35.3475,35.195,35.2925,35.365,35.4925,35.41,35.49,35.52,34.905,34.965,35.52,35.4925,34.525,34.5225,34.445,34.4375,34.49,35.1625,34.9175,35.8,35.3675,35.39,0,0,0,0,0,0,0,0,0,0,0,0,1,36.99,train
25.0,40.3,0.7,1.1775,37.0625,37.225,36.1975,36.7125,37.06,37.01,37.0575,37.085,37.26,37.215,37.1425,37.2825,36.9325,36.98,37.2825,37.26,35.825,35.8525,35.9375,35.96,35.6775,36.4775,36.2675,37.2825,37.04,37.08,1,1,0,0,0,0,0,0,0,0,0,0,1,37.99,train
25.3,31.8,0.7,1.2425,35.5675,36.1325,33.56,34.8325,35.89,35.64,35.89,35.9175,36.1275,36.1075,36.0725,36.15,35.0025,35.6475,36.15,36.1275,34.1875,34.035,34.6825,34.415,34.0175,35.715,35.34,36.15,34.935,34.965,0,0,0,0,0,0,0,0,0,1,0,0,0,36.69,train
26.2,43.1,0.63,1.43,35.4475,35.385,35.0625,35.09,35.4925,35.4925,35.35,35.53,35.4325,35.4325,35.2825,35.45,35.2275,35.18,35.5425,35.5175,35.0225,35.0175,34.8125,34.9975,35.05,35.6375,35.245,35.8925,35.8575,35.89,0,1,0,0,0,0,0,0,0,0,0,0,1,36.44,train
24.6,35.0,0.76,0.83,35.83,35.985,35.305,35.5375,35.8175,35.8175,35.415,35.8375,35.955,35.955,35.635,35.985,35.03,35.5425,35.985,35.955,34.5475,34.795,35.0375,34.3225,34.705,35.3825,35.2425,36.2025,35.69,35.725,1,0,0,0,0,0,0,0,0,1,0,0,0,36.89,train
23.9,20.2,0.6,0.825,35.435,35.485,34.1525,34.5175,35.465,35.425,35.3775,35.4925,35.46,35.46,35.3375,35.485,35.0275,35.0675,35.5075,35.4875,34.12,34.2625,34.2725,34.0875,33.9075,34.645,34.4925,35.51,35.1125,35.1275,1,0,0,0,0,1,0,0,0,0,0,0,1,36.44,train
24.4,46.0,0.54,1.1825,35.33,35.4175,34.89,34.8775,35.335,35.2975,35.285,35.36,35.4225,35.405,35.355,35.44,35.215,35.265,35.44,35.425,34.8975,34.5975,34.8125,34.695,34.815,35.4075,35.3825,36.0675,36.0325,36.0675,0,1,0,0,0,0,0,0,0,0,0,0,1,36.99,train
24.0,44.9,0.56,1.52,35.46,35.3875,34.9575,35.0725,35.455,35.42,35.39,35.49,35.45,35.45,35.27,35.4675,35.0925,34.9525,35.67,35.63,34.8875,34.965,35.025,34.7275,35.0525,35.4875,35.19,36.0075,35.8675,35.89,0,0,0,0,0,0,0,0,1,0,0,0,0,36.89,train
22.5,23.1,0.8,0.48333333,35.44,35.6433333,34.64,35.2533333,35.45,35.42,35.3966667,35.4733333,35.6633333,35.6633333,34.9466667,35.7,35.1833333,34.8466667,35.6966667,35.66,33.9966667,34.1966667,33.05,34.3166667,31.7433333,34.95,34.7766667,36.3333333,36.3033333,36.3333333,1,1,0,0,0,0,0,0,0,0,0,0,1,37.19,train
23.4,16.5,0.71,1.31,35.4325,35.53,34.5825,34.835,35.55,35.35,35.55,35.57,35.53,35.5125,35.265,35.545,35.2175,34.9775,35.5875,35.57,34.9025,34.78,34.53,34.545,34.79,35.2075,35.16,35.905,35.8225,35.8675,1,0,0,0,0,0,0,0,0,0,0,0,1,36.89,train
24.5,29.8,0.7,0.6325,35.285,35.5775,34.805,35.065,35.265,35.265,34.9575,35.285,35.6025,35.6025,35.1775,35.625,34.73,34.43,35.625,35.6025,34.02,33.8725,34.4975,33.8425,34.4575,35.315,34.7975,36.03,35.98,36.005,1,1,0,0,0,0,0,0,0,1,0,0,0,36.94,train
24.2,30.1,0.77,0.8375,35.465,35.6775,34.69,35.4175,35.4775,35.4475,35.4175,35.5,35.645,35.645,35.4725,35.6775,35.18,35.41,35.6775,35.645,34.51,34.4275,34.4925,34.4075,34.745,35.2875,34.8925,35.9525,35.8325,35.85,1,0,0,0,0,0,0,0,0,0,0,0,1,36.79,train
24.2,13.8,0.7,0.95,37.2675,37.4425,36.655,36.7725,37.295,37.295,37.0225,37.315,37.415,37.4075,37.15,37.46,36.7625,36.915,37.46,37.4125,35.6175,35.7325,34.9225,35.5725,35.615,36.445,36.195,37.4725,37.3225,37.355,1,0,0,0,0,0,0,0,0,0,0,0,1,38.84,train
24.8,19.9,0.6,0.8775,36.0425,36.2175,35.5925,35.6225,36.175,36.175,35.9525,36.2,36.24,36.2375,36.12,36.2575,35.61,35.815,36.2575,36.2425,35.46,34.6875,35.4475,35.2425,35.145,36.0525,35.8975,36.2575,35.6225,35.6525,0,1,0,0,0,0,0,0,0,0,0,1,0,36.69,train
23.7,15.7,0.85,1.3825,35.2125,35.34,34.6425,34.9025,35.25,35.2475,35.16,35.285,35.32,35.32,35.13,35.36,35.075,34.875,35.59,35.5625,34.8,34.7,34.71,34.85,34.975,35.7475,35.1625,36.0775,35.745,35.7775,0,0,0,0,0,0,0,0,0,1,0,0,0,37.19,train
22.7,18.1,0.84,0.77,34.87,34.865,34.5425,34.3925,34.9625,34.9625,34.8,34.98,34.86,34.86,34.38,34.885,34.5875,34.265,35.1325,35.08,34.0275,34.015,33.75,34.05,33.9975,34.68,34.45,35.4725,35.3975,35.43,0,0,0,0,0,0,0,0,1,0,0,0,0,36.19,train
24.1,16.1,0.54,0.98,35.9025,36.115,35.0175,35.64,35.865,35.865,35.6825,35.9025,36.0875,36.0875,35.755,36.115,35.5825,35.4675,36.115,36.0875,35.075,34.51,34.52,34.78,35.075,35.3125,35.3,36.2325,35.7,35.72,0,0,0,0,0,0,0,0,0,0,0,0,1,36.84,train
23.1,10.9,0.6,0.675,35.2825,34.91,34.19,33.5575,35.405,35.2125,35.4,35.4225,34.95,34.8875,34.935,34.9825,35.19,34.6375,35.4225,35.405,34.65,34.075,34.18,33.965,34.96,35.2425,35.0975,35.7575,35.7425,35.7575,1,1,0,0,0,0,0,0,0,0,0,1,0,36.44,train
23.0,12.6,0.69,1.1925,34.79,35.2775,34.47,34.925,34.7775,34.7775,34.6475,34.8125,35.275,35.275,34.91,35.32,34.435,34.6,35.32,35.2725,34.3625,34.4075,34.45,34.415,34.3525,35.1825,34.8625,35.5775,35.2825,35.3075,1,1,0,0,0,0,0,0,0,1,0,0,0,36.34,train
26.0,30.4,0.76,1.1325,37.415,36.74,36.4725,36.1775,37.4225,37.415,37.2575,37.4575,36.775,36.7375,36.6375,36.795,36.8425,36.3975,37.4575,37.4225,34.6875,34.235,34.4675,34.65,34.43,35.515,34.955,37.745,37.5225,37.54,1,0,0,0,0,0,0,0,0,0,0,0,1,38.44,train
24.1,20.1,0.66,0.9125,35.215,35.3125,34.7725,34.73,35.25,35.23,35.225,35.265,35.3275,35.32,35.1875,35.355,34.8875,34.8725,35.39,35.37,32.875,33.5625,32.84,33.585,33.3275,34.5925,34.385,35.58,34.8875,34.9075,1,0,0,0,0,0,0,0,0,1,0,0,0,36.64,train
24.0,21.4,0.6,0.9925,35.7075,35.5125,35.1425,35.055,35.7725,35.6875,35.76,35.7925,35.5175,35.4925,35.4875,35.5375,35.6225,35.42,35.7925,35.77,34.5075,34.4025,34.71,34.4825,34.5425,35.245,34.995,36.0075,35.7375,35.76,0,0,0,0,0,0,0,0,0,0,1,0,0,37.19,train
24.5,15.1,0.66,1.14333333,35.5133333,35.33,34.96,34.3266667,35.4866667,35.4866667,35.23,35.5133333,35.29,35.29,35.05,35.35,34.9866667,34.8866667,35.5133333,35.4833333,34.65,34.4866667,34.4933333,34.48,34.75,35.4633333,35.0033333,35.6433333,35.59,35.6433333,1,1,0,0,0,0,0,0,1,0,0,0,0,36.74,train
25.4,51.1,0.6,1.2225,35.0775,35.3825,34.8275,35.115,35.28,35.0875,35.2725,35.3875,35.4175,35.415,35.27,35.4275,34.9325,34.9975,35.545,35.515,34.415,34.4025,34.6125,34.545,34.4275,35.6325,34.7825,36.2975,35.745,35.7725,1,1,0,0,0,0,0,0,0,1,0,0,0,37.04,train
26.2,48.5,0.6,1.8575,35.325,35.4075,34.9375,35.205,35.4125,35.35,35.4075,35.4375,35.5025,35.4225,35.4925,35.525,35.0825,35.16,35.5975,35.5775,34.9075,34.7575,34.9325,34.89,34.905,35.6525,35.4225,36.0825,36.055,36.0825,0,1,0,0,0,0,0,0,1,0,0,0,0,37.04,train
24.7,48.9,0.6,1.11,35.8825,35.7625,35.2625,35.3625,35.855,35.8525,35.785,35.8825,35.86,35.86,35.6,35.8875,35.565,35.3325,35.9125,35.895,35.4525,35.1925,35.47,35.485,35.19,35.8425,35.7825,36.63,36.5675,36.6025,0,0,0,0,0,0,0,0,0,0,0,0,1,37.29,train
26.6,31.0,0.7,1.455,35.2775,35.55,34.1825,34.7,35.435,35.3175,35.2625,35.4775,35.6,35.5725,35.5725,35.6175,34.905,35.3875,35.6175,35.6,35.36,35.37,35.3175,35.1325,35.535,35.7925,35.6325,35.8175,35.1675,35.1975,1,0,0,0,0,0,0,0,1,0,0,0,0,36.79,train
23.4,16.1,0.6,0.6775,35.6625,35.6675,34.985,34.905,35.6775,35.6775,35.38,35.71,35.7325,35.7325,35.0075,35.7625,34.7575,34.3325,35.805,35.76,34.2725,34.4825,34.4675,34.0975,34.285,34.8625,34.615,35.9,35.6925,35.75,1,0,0,0,0,0,0,0,0,0,0,0,1,36.74,train
23.8,16.7,0.7,0.6325,34.8725,34.7325,34.1875,34.2525,34.88,34.875,34.5975,34.945,34.785,34.695,34.7775,34.8225,34.3475,34.5125,34.955,34.915,33.9975,34.155,34.33,33.8275,34.055,34.8725,34.495,35.4725,35.425,35.4725,0,1,0,0,0,0,0,0,1,0,0,0,0,36.49,train
23.7,51.9,0.8,1.1575,35.485,35.5925,35.0275,35.195,35.455,35.4525,35.345,35.485,35.575,35.575,35.3175,35.6025,35.035,35.1675,35.6025,35.5775,34.29,34.56,34.225,34.1875,34.91,35.43,35.105,35.84,35.8175,35.84,1,0,0,0,0,1,0,0,0,0,0,1,0,36.79,train
24.0,44.9,0.56,1.63,36.4225,36.3425,35.695,35.7,36.4875,36.44,36.45,36.515,36.435,36.3975,36.3125,36.46,35.97,35.8225,36.5525,36.515,35.5825,35.9125,35.4575,35.5475,35.6725,36.305,36.1175,36.84,36.69,36.71,0,0,0,0,0,0,0,0,0,0,0,0,1,37.79,train
23.1,18.9,0.72,0.94,35.0,35.31,33.62,34.45,35.11,34.955,35.11,35.135,35.29,35.28,35.22,35.315,34.57,34.935,35.315,35.29,34.255,34.295,33.975,33.61,34.485,35.075,34.815,35.515,35.17,35.235,1,0,0,0,0,0,0,0,0,0,0,0,1,35.94,train
24.0,61.0,0.8,0.8675,35.385,35.27,34.3925,34.665,35.5925,35.3625,35.525,35.635,35.2675,35.2325,35.06,35.3025,35.0375,34.905,35.63,35.5975,33.7325,33.86,33.8175,33.7725,34.1075,35.3725,34.63,35.995,35.7,35.725,0,0,0,1,0,0,0,0,0,0,0,1,0,37.09,train
26.0,54.0,0.6,1.2225,36.0975,36.005,35.77,35.575,36.0775,36.0775,35.925,36.0975,36.015,36.0125,35.8775,36.0425,35.7575,35.545,36.105,36.085,35.35,35.18,35.245,35.295,35.4325,35.725,35.635,36.395,36.365,36.395,0,0,0,0,0,0,0,0,0,0,0,0,1,36.89,train
23.1,15.0,0.6,0.64,36.5325,36.0225,36.0975,35.5325,36.505,36.505,36.1925,36.5325,36.0,36.0,35.86,36.0225,36.0875,35.5375,36.5325,36.505,34.865,35.0225,34.9875,34.6675,34.9225,35.72,35.24,36.6775,36.13,36.175,0,1,0,0,0,0,0,0,0,0,0,0,1,37.34,train
24.1,27.3,0.58,1.1925,35.8175,35.8375,35.3675,35.3075,35.795,35.795,35.3925,35.8175,35.7925,35.7925,35.345,35.84,35.33,35.305,35.845,35.82,34.845,34.74,34.905,34.6525,35.08,35.7675,35.2625,36.27,36.165,36.205,0,0,0,0,0,0,0,0,0,0,0,0,1,36.94,train
24.3,18.3,0.61,0.055,34.885,34.7875,34.4325,34.25,34.8975,34.8625,34.86,34.92,34.78,34.78,34.4825,34.8025,34.5575,34.155,35.14,35.115,33.94,34.095,33.87,34.0125,33.76,34.6325,34.3725,35.95,35.6775,35.7225,0,1,0,0,0,0,0,0,0,0,0,0,1,36.89,train
25.6,50.9,0.6,1.105,36.1975,36.19,35.6375,35.88,36.165,36.1575,36.05,36.2,36.225,36.225,35.9625,36.2575,35.8725,35.7,36.265,36.23,34.865,34.64,34.8325,34.525,34.81,35.505,35.36,36.265,35.8325,35.8625,0,1,0,0,0,0,0,0,0,0,1,0,0,36.79,train
23.7,13.3,0.6,0.8725,34.6325,34.885,33.865,34.3375,34.665,34.6625,34.56,34.705,34.8875,34.86,34.6525,34.9225,34.2325,34.1675,35.17,35.1375,34.185,34.4575,34.3575,33.9675,34.27,35.305,34.685,35.505,34.26,34.32,0,0,0,0,0,0,0,0,1,0,0,0,0,36.79,train
24.0,24.0,0.6,1.05,35.25,35.2575,34.5825,34.66,35.27,35.2675,35.1275,35.29,35.24,35.2325,34.99,35.2675,34.625,34.8775,35.305,35.285,34.0675,33.935,33.93,33.8825,34.285,34.77,34.73,35.55,35.0625,35.09,0,0,0,0,0,0,0,0,0,0,0,0,1,36.04,train
24.0,34.3,0.72,0.9275,35.695,35.8425,35.0125,35.4125,35.7475,35.685,35.7125,35.76,35.8225,35.8175,35.67,35.8675,35.495,35.3925,35.865,35.8325,34.3475,34.4575,34.375,34.175,34.68,35.51,34.95,36.0725,35.3875,35.4125,0,0,0,0,0,0,0,0,1,0,0,0,0,36.79,train
24.1,14.6,0.6,1.0325,35.775,35.6775,35.385,35.3975,35.7275,35.7275,35.5,35.775,35.66,35.6575,35.51,35.6875,35.38,35.5,35.775,35.73,34.49,34.6025,34.2975,34.4,34.62,34.9525,34.8475,35.83,35.3275,35.3625,0,1,0,0,0,0,0,0,0,0,0,0,1,36.89,train
24.3,17.4,0.6,0.97,35.63,35.91,35.2225,35.55,35.685,35.685,35.5625,35.7025,35.965,35.92,35.9125,35.99,35.22,35.6475,35.9875,35.9625,34.98,35.1525,34.955,34.9325,34.985,35.6075,35.44,36.225,36.0375,36.07,0,0,0,0,0,0,0,0,1,0,0,0,0,36.94,train
22.7,14.0,0.73,0.755,35.53,35.64,34.6775,35.01,35.7975,35.6725,35.7325,35.825,35.62,35.62,35.385,35.655,35.095,34.915,35.825,35.795,34.4975,34.285,34.2775,34.31,34.7075,35.43,34.9875,36.095,35.655,35.695,1,0,0,0,0,0,0,0,0,0,1,0,0,36.54,train
23.2,22.5,0.8,0.84,35.63,36.1375,34.9575,35.745,35.6725,35.57,35.645,35.7125,36.1325,36.13,35.8475,36.1575,35.2625,35.6925,36.1575,36.1325,35.09,34.875,34.68,34.66,34.96,35.62,35.37,36.195,35.71,35.79,1,0,0,0,0,0,0,0,0,0,0,1,0,36.89,train
28.5,49.2,0.6,2.275,36.1325,36.1725,35.525,35.8225,36.2625,36.12,36.26,36.2925,36.2125,36.2,36.1475,36.2375,35.91,35.6625,36.3,36.2675,35.5925,35.7425,35.77,35.495,35.845,36.175,36.095,36.3625,36.1575,36.2075,0,0,0,0,0,0,0,0,0,0,0,0,1,37.09,train
27.8,32.6,0.6,1.7925,35.585,35.67,35.1325,35.1325,35.6225,35.585,35.5075,35.635,35.8425,35.695,35.84,35.9,35.365,35.51,35.95,35.9,33.1175,33.33,33.7725,34.0275,32.0275,35.125,34.84,36.245,36.1975,36.22,1,1,0,0,0,0,0,0,0,0,0,0,1,37.39,train
25.3,31.8,0.7,1.5625,35.155,34.8525,34.4475,34.1525,35.225,35.1525,35.22,35.2475,35.015,34.8475,35.015,35.0425,34.795,34.685,35.2475,35.225,33.6875,34.0125,33.685,33.495,33.86,34.72,34.475,35.3425,35.08,35.1,0,0,0,0,0,0,0,0,0,0,0,0,1,36.79,train
20.5,57.6,0.76,0.0275,35.2725,35.26,34.9175,34.665,35.335,35.2575,35.265,35.3875,35.2525,35.1825,34.935,35.345,35.0725,34.5925,35.385,35.3525,34.1175,34.4325,34.0625,33.995,34.4125,35.445,34.84,36.185,36.14,36.1775,0,1,0,0,0,0,0,0,1,0,0,0,0,37.19,train
22.2,11.7,0.78,0.2125,35.385,35.3975,34.5225,34.8075,35.45,35.3425,35.3625,35.4875,35.4375,35.4375,35.2425,35.4675,34.9125,34.88,35.5275,35.495,34.005,33.94,33.79,34.035,33.97,34.875,34.315,36.105,36.0775,36.105,0,0,0,0,0,0,0,0,0,0,0,0,1,36.79,train
23.2,28.5,0.8,0.7475,35.635,35.84,35.2875,35.35,35.6525,35.6525,35.51,35.675,35.845,35.845,35.255,35.8775,35.4725,34.91,35.88,35.8475,34.665,34.395,34.5875,34.7025,34.71,35.33,35.0275,36.17,35.8875,35.93,0,0,0,0,0,0,0,0,0,0,0,1,0,37.29,train
24.8,19.9,0.6,0.9325,35.505,35.395,34.745,34.7725,35.6775,35.525,35.67,35.7075,35.53,35.4775,35.5175,35.56,35.105,34.9425,35.705,35.6775,35.1075,34.825,34.985,34.7625,34.335,35.535,35.3775,35.775,35.3375,35.3725,1,0,0,0,0,0,0,0,0,0,0,0,1,36.89,train
21.4,46.6,0.73,0.5375,34.695,34.345,34.2825,33.8575,34.855,34.69,34.75,34.8975,34.51,34.51,33.9,34.5475,34.3475,33.72,35.1975,35.1525,32.7925,33.1425,32.5825,32.785,32.885,34.61,33.5275,35.2375,34.715,34.73,0,1,0,0,0,0,0,0,1,0,0,0,0,36.69,train
25.2,29.2,0.6,1.29333333,35.49,35.45,35.0266667,35.01,35.5533333,35.47,35.5533333,35.5733333,35.6233333,35.5266667,35.6033333,35.6333333,35.3666667,35.34,35.6333333,35.63,35.0866667,35.0633333,34.9433333,34.9466667,34.8733333,35.5766667,35.3,35.7433333,35.6633333,35.72,1,0,0,0,0,0,0,0,1,0,0,0,0,37.04,train
24.8,19.9,0.6,0.8975,35.9675,36.0725,35.09,35.49,36.0825,35.855,36.0175,36.11,36.0425,36.03,35.7575,36.0725,35.755,35.595,36.12,36.09,34.9725,35.0775,34.94,34.755,35.405,35.695,35.5225,36.135,35.6975,35.725,1,0,0,0,0,0,0,0,0,0,0,0,1,36.99,train
24.5,19.4,0.65,0.9175,36.77,36.7775,36.3125,36.2025,36.895,36.7225,36.895,36.9475,36.8225,36.63,36.8,36.8475,36.45,36.535,36.9525,36.925,35.0875,34.97,35.0875,35.495,35.2275,35.8425,35.825,37.3475,37.0775,37.12,1,0,0,0,1,0,0,0,1,0,0,0,0,38.14,train
23.4,14.0,0.6,1.105,35.84,36.17,35.2525,35.35,35.8125,35.8125,35.535,35.8475,36.125,36.125,35.56,36.1725,35.525,35.4925,36.17,36.125,34.855,34.845,34.9075,34.72,34.955,35.64,35.49,36.2225,35.94,35.9725,0,0,0,1,0,0,0,0,0,0,0,0,1,36.89,train
23.3,23.4,0.65,0.9475,36.6925,36.4675,36.2375,35.9775,36.665,36.665,36.4825,36.6925,36.445,36.4425,36.2325,36.4675,36.4375,36.2375,36.6925,36.665,34.5425,35.275,34.5875,34.735,34.8775,36.015,35.65,36.9225,36.6725,36.7,1,0,0,0,0,0,0,0,0,0,0,0,1,37.14,train
25.3,17.0,0.7,1.4525,35.3125,35.4575,34.345,34.97,35.53,35.3525,35.485,35.5625,35.54,35.5375,35.405,35.5875,34.8725,35.01,35.62,35.585,34.255,34.44,34.0775,34.0025,34.1425,35.1525,34.5575,35.6825,35.2175,35.25,1,0,0,0,0,0,0,0,1,0,0,0,0,36.84,train
24.1,20.5,0.61,0.945,35.975,35.7725,35.115,35.19,36.0125,36.0125,35.63,36.05,35.815,35.815,35.6275,35.8475,35.1175,35.3675,36.05,36.0125,34.91,34.66,34.87,34.665,35.2075,35.8575,35.51,36.145,35.7825,35.8375,0,0,0,0,0,0,0,0,0,0,0,0,1,36.99,train
23.8,13.7,0.6,0.69,36.075,36.0425,35.705,35.3925,36.0925,36.09,35.955,36.1175,36.0075,36.005,35.7925,36.045,35.69,35.4175,36.125,36.0975,34.6925,34.89,34.6375,34.95,34.69,35.5125,35.36,36.27,35.895,35.91,0,0,0,0,0,0,0,0,0,0,0,0,1,37.09,train
28.0,47.0,0.6,1.395,35.5,35.9375,34.29,35.0075,35.6375,35.48,35.635,35.6525,36.01,36.0075,35.8875,36.035,35.155,35.4125,36.035,36.01,33.585,33.5625,33.75,33.41,33.5825,34.82,33.985,36.165,35.875,35.9075,0,1,0,0,0,0,0,0,0,0,1,0,0,37.04,train
24.0,36.0,0.65,0.8675,35.815,35.8925,35.5375,35.55,35.7875,35.7875,35.705,35.815,35.86,35.86,35.6125,35.905,35.5025,35.57,35.905,35.86,35.0425,35.16,35.28,34.8825,35.1175,35.7,35.62,36.1325,35.955,35.9775,1,0,0,0,0,0,0,0,0,0,0,0,1,36.89,train
23.8,13.4,0.7,0.99333333,35.36,35.47,34.67,35.12,35.3533333,35.3433333,35.2766667,35.3733333,35.4633333,35.4633333,35.1866667,35.4733333,35.12,34.99,35.4933333,35.4766667,34.7466667,34.58,34.6466667,34.6,34.5466667,35.3733333,35.1566667,36.1266667,36.1166667,36.1266667,0,0,0,0,0,0,0,0,0,0,0,0,1,36.74,train
23.8,16.2,0.64,0.7875,34.8525,34.75,34.5625,34.455,34.92,34.92,34.785,34.935,34.8075,34.805,34.7125,34.8175,34.6525,34.53,35.095,35.08,34.6275,34.5075,34.6025,34.59,34.6675,35.33,35.0175,35.7225,35.64,35.6775,0,1,0,0,0,0,0,0,1,0,0,0,0,36.84,train
25.3,21.3,0.6,1.3525,35.4,35.34,35.005,34.98,35.41,35.365,35.3725,35.47,35.3225,35.315,35.215,35.3725,35.1575,35.12,35.47,35.42,34.6375,34.5075,34.665,34.6225,34.7025,35.5225,34.8975,35.7125,35.265,35.29,0,0,0,0,0,0,0,0,1,0,0,0,0,36.99,train
22.8,24.2,0.82,0.7025,35.1625,35.06,34.3,34.52,35.1925,35.1375,35.1475,35.2225,35.0825,35.0675,34.8,35.115,34.93,34.685,35.255,35.2225,33.8275,34.1525,34.1275,33.7475,33.9475,35.335,34.4175,35.625,35.4775,35.51,1,1,0,0,0,0,0,0,0,0,1,0,0,36.39,train
24.2,18.1,0.6,0.875,35.6575,35.6125,34.3925,34.3825,35.665,35.6175,35.555,35.6975,35.6425,35.6075,35.62,35.6675,35.24,35.42,35.7175,35.695,33.995,34.26,33.8475,33.6875,34.295,35.1825,34.8225,35.8725,35.425,35.4475,0,1,0,0,0,0,0,0,0,0,0,0,1,36.89,train
24.4,48.0,0.75,1.39,35.5475,35.5975,35.3125,35.41,35.555,35.555,35.3875,35.5825,35.5975,35.5975,35.2975,35.605,35.3325,35.27,35.615,35.605,35.0625,35.0625,34.9625,35.165,34.5575,35.36,35.3325,35.9375,35.8975,35.9175,1,1,0,0,0,0,0,0,0,0,0,0,1,37.09,train
24.0,20.1,0.6,1.0075,35.04,35.135,33.8725,34.45,35.3025,34.9575,35.3025,35.335,35.195,35.14,35.185,35.23,34.7225,34.4725,35.335,35.305,33.095,33.11,33.465,32.9,32.9775,34.405,33.67,35.41,34.45,34.4625,0,0,0,0,0,0,1,0,0,1,0,0,0,36.49,train
24.1,18.5,0.6,0.82,35.79,35.695,34.9575,35.09,35.955,35.79,35.955,35.9875,35.8175,35.71,35.815,35.85,35.3575,34.985,35.9875,35.9575,35.12,34.91,35.29,34.905,35.185,35.9425,35.5525,36.245,36.0925,36.1425,0,1,0,0,0,0,0,0,0,0,0,0,1,37.39,train
24.1,16.3,0.7,0.7175,35.69,35.7725,34.27,34.925,35.6975,35.6975,35.5025,35.7325,35.7425,35.7425,35.4225,35.7725,34.7825,35.13,35.7775,35.7475,34.32,34.4525,33.915,34.2475,34.37,35.115,34.745,35.87,35.5025,35.52,1,0,0,0,0,0,0,0,1,0,0,0,0,36.64,train
23.5,12.4,0.55,0.8375,35.815,35.725,35.2,35.03,35.8375,35.8,35.765,35.87,35.6925,35.6925,35.5475,35.7275,35.455,35.3875,35.87,35.835,35.1375,35.0525,34.5025,34.9425,35.26,35.6675,35.4875,36.3625,36.255,36.3225,0,0,0,0,0,0,0,0,0,0,0,0,1,37.34,train
22.7,13.6,0.65,0.5775,34.82,34.7225,34.3975,34.2575,34.7625,34.7625,34.63,34.82,34.6975,34.6975,34.55,34.725,34.3825,34.3675,34.82,34.77,33.12,33.2575,33.5075,33.16,33.6225,35.6925,33.9875,36.13,35.1225,35.1625,0,1,0,0,0,0,0,0,0,1,0,0,0,36.79,train
24.0,25.8,0.6,1.0225,36.3175,36.305,35.6125,35.835,36.325,36.3075,36.2875,36.3425,36.2975,36.2975,36.2175,36.3225,36.075,35.9925,36.355,36.345,35.235,35.5625,35.3925,35.35,35.365,35.9325,35.6975,36.6475,36.4525,36.475,0,0,0,0,0,0,0,0,0,0,0,0,1,37.54,train
23.8,18.9,0.8,1.2575,35.695,35.91,35.395,35.3425,35.6675,35.6675,35.5325,35.7075,36.0275,36.0275,35.23,36.05,35.3125,34.84,36.05,36.025,34.85,34.275,34.52,34.5225,34.8425,35.155,35.0875,36.1475,35.805,35.845,1,1,0,0,0,0,0,0,1,0,0,0,0,36.99,train
24.1,24.5,0.7,1.25,35.4,35.5775,34.6775,35.06,35.4875,35.3425,35.4675,35.5075,35.57,35.5675,35.44,35.5875,35.23,35.2775,35.5875,35.57,34.565,34.6825,34.715,34.615,34.425,35.1,35.015,36.0,35.9275,35.95,1,0,0,1,0,0,0,0,0,0,0,0,1,36.99,train
25.6,28.7,0.65,1.4725,35.9725,35.7825,35.225,35.4525,36.07,35.935,36.07,36.115,35.7675,35.76,35.68,35.7875,35.845,35.535,36.115,36.075,35.1275,35.0025,35.215,35.1025,35.17,36.045,35.4175,36.265,36.0325,36.045,0,1,0,0,0,0,0,0,0,0,0,0,1,37.04,train
24.1,13.5,0.7,0.9825,36.1825,36.1875,35.5475,35.88,36.1525,36.15,36.045,36.1875,36.1675,36.1675,35.9775,36.1875,36.0275,35.9475,36.21,36.18,34.8325,35.2725,34.925,34.915,35.0225,35.7725,35.5125,36.21,35.4825,35.51,0,0,0,0,0,0,0,0,0,0,0,0,1,36.44,train
24.3,17.4,0.6,1.315,34.92,35.165,34.51,34.82,34.98,34.92,34.975,35.015,35.1775,35.1225,35.115,35.2225,34.61,34.965,35.3675,35.325,34.4875,34.8225,34.765,34.4225,34.5925,35.2425,34.995,35.435,35.0075,35.0525,0,0,0,0,0,0,0,0,1,0,0,0,0,36.79,train
28.0,53.7,0.6,2.1475,35.9375,36.0375,35.25,35.395,36.075,35.88,36.075,36.095,36.135,36.07,36.1175,36.165,35.685,35.835,36.165,36.135,35.435,35.3775,35.5325,35.3125,35.505,35.8575,35.83,36.23,36.1525,36.175,0,0,0,0,0,0,0,0,0,0,0,0,1,36.94,train
24.1,17.9,0.6,0.8925,35.72,35.6225,34.4275,34.6475,35.7475,35.6975,35.6875,35.7675,35.68,35.68,35.13,35.7175,35.305,34.8225,35.765,35.75,33.5475,33.7875,33.335,33.575,33.345,34.29,34.185,36.2675,36.19,36.2675,1,0,0,0,0,0,0,0,0,0,0,0,1,37.09,train
23.7,20.4,0.7,0.92,35.41,35.585,33.8725,34.98,35.4025,35.3975,35.33,35.4275,35.6575,35.6575,35.2675,35.68,35.0325,34.8575,35.68,35.6575,34.14,34.46,34.4875,34.1125,34.515,35.6,35.03,35.92,35.46,35.485,0,1,0,0,0,0,0,0,0,1,0,0,0,36.94,train
23.7,33.7,0.6,0.5775,35.0275,35.2375,34.61,34.8525,35.0025,34.97,34.7875,35.035,35.2,35.2,35.055,35.24,34.8025,34.9875,35.2375,35.2,34.5675,34.4,34.38,34.5025,34.4725,35.0175,34.9275,35.655,35.5875,35.6075,1,1,0,0,0,0,0,0,0,0,0,0,1,36.54,train
23.8,48.8,0.75,0.89,35.28,35.765,34.95,35.5,35.325,35.2625,35.3125,35.345,35.7425,35.7425,35.58,35.7675,35.18,35.56,35.765,35.7425,33.9925,34.195,34.0675,33.9175,33.895,34.57,34.47,35.93,35.49,35.5025,0,0,0,0,0,0,0,0,0,0,0,0,1,37.14,train
24.6,48.3,0.6,0.9375,34.9225,34.77,33.985,33.92,35.09,35.0425,34.905,35.1225,34.9825,34.9825,34.865,35.015,34.425,34.365,35.1225,35.09,34.3225,34.3775,34.3825,34.245,34.595,35.1525,34.945,35.6375,35.5425,35.5925,0,0,0,0,0,0,0,0,1,0,0,0,0,36.79,train
25.4,34.9,0.7,1.1175,35.6575,35.2225,35.1775,34.6,35.745,35.6,35.6875,35.7675,35.2475,35.19,35.2025,35.2875,35.4775,34.9525,35.7675,35.745,35.0875,35.06,35.19,35.055,35.12,35.585,35.53,35.9925,35.86,35.895,1,1,0,0,0,0,0,0,0,0,0,0,1,36.69,train
22.4,13.4,0.8,0.615,35.395,35.6575,34.3075,34.4725,35.4,35.3825,35.0225,35.43,35.655,35.65,35.0,35.6875,34.5725,34.555,35.6875,35.655,33.9975,33.8275,33.57,33.775,33.93,34.6925,34.3625,35.6875,34.7975,34.85,1,1,0,0,0,0,0,0,0,0,0,0,1,36.54,train
24.4,12.3,0.6,0.9525,35.4475,35.3975,34.99,35.105,35.435,35.43,35.2825,35.4775,35.455,35.37,35.39,35.495,35.27,35.1675,35.515,35.47,35.165,34.485,35.085,34.945,34.335,35.505,35.39,35.7,35.29,35.33,1,0,0,0,0,0,0,0,1,0,0,0,0,36.89,train
28.0,24.3,0.6,0.13,36.4075,36.34,35.87,35.96,36.41,36.3625,36.365,36.4475,36.3025,36.3025,36.2225,36.34,36.2975,36.08,36.4475,36.41,35.435,35.24,35.2275,35.3675,35.3425,36.375,35.71,36.535,35.965,35.9975,0,0,0,0,0,0,0,0,0,1,0,0,0,37.59,train
24.0,33.3,0.6,1.095,35.2925,35.285,34.1275,34.1475,35.405,35.205,35.3975,35.425,35.3425,35.2975,35.305,35.39,35.14,34.88,35.435,35.4125,34.78,34.9775,35.0025,34.685,35.0875,35.6775,35.3625,35.815,35.1375,35.155,0,1,0,0,0,0,0,0,0,0,0,0,1,36.69,train
25.0,30.0,0.8,0.9775,35.3075,35.4225,34.5575,34.9625,35.34,35.275,35.34,35.365,35.405,35.405,35.265,35.4225,35.1625,35.2325,35.4225,35.4025,35.1475,35.025,35.1725,35.19,35.29,35.655,35.475,35.8525,35.3575,35.3825,0,0,0,0,0,0,0,0,1,0,0,0,0,36.59,train
24.2,16.6,0.6,0.2,35.3675,35.61,34.2,34.4825,35.4775,35.3375,35.4575,35.51,35.6175,35.6075,35.52,35.63,35.0925,35.1225,35.6275,35.615,33.915,33.4775,33.75,33.53,34.38,35.03,34.495,35.63,34.31,34.3525,1,0,0,0,0,0,0,0,1,0,0,0,0,36.54,train
23.2,27.9,0.8,0.73,35.5925,35.8075,34.295,34.8775,35.6025,35.5775,35.56,35.6325,35.8175,35.785,35.74,35.8675,35.245,35.4375,35.8675,35.8175,34.7725,34.7375,33.935,34.53,34.9375,35.235,35.08,35.95,35.4475,35.4625,1,0,0,0,0,0,0,0,0,0,0,1,0,36.59,train
24.3,50.4,0.6,1.1875,35.615,35.885,34.48,35.3475,35.6925,35.595,35.685,35.715,35.86,35.86,35.5825,35.885,35.385,35.5525,35.885,35.8575,33.9225,34.225,33.77,33.965,33.775,34.7975,34.5225,36.1,35.77,35.795,1,0,0,0,0,0,0,0,0,0,1,0,0,36.94,train
23.8,15.1,0.6,1.005,35.0775,35.115,33.3975,34.27,35.0875,35.0875,34.9825,35.1275,35.0675,35.065,34.845,35.115,34.6775,34.56,35.15,35.1075,33.9425,34.1075,34.0825,34.0175,34.03,35.2225,34.4,35.4775,35.365,35.4,0,1,0,0,0,0,0,0,0,1,0,0,0,36.74,train
23.6,30.6,0.75,0.8075,35.7375,35.665,35.2625,35.2975,35.71,35.71,35.525,35.7375,35.795,35.795,35.36,35.83,35.395,35.37,35.83,35.795,34.625,34.98,34.69,34.97,34.9325,35.535,35.27,36.01,35.9525,35.9725,0,1,0,0,0,0,0,0,0,0,0,0,1,37.29,train
26.7,32.0,0.67,1.45,35.225,35.5425,33.9025,34.57,35.37,35.18,35.37,35.39,35.5475,35.515,35.3425,35.5825,35.0075,35.3475,35.5825,35.5475,32.86,33.1775,32.56,32.1675,33.14,34.1375,33.625,36.2275,36.1975,36.2275,1,0,0,0,0,1,0,0,1,0,0,0,0,36.94,train
25.0,51.8,0.72,0.18333333,35.2966667,35.3066667,34.97,35.0266667,35.2733333,35.2733333,35.1666667,35.2966667,35.2833333,35.2833333,35.06,35.3066667,35.0633333,34.9933333,35.3133333,35.29,34.6933333,34.5366667,34.4333333,34.5633333,34.6666667,35.1066667,35.0266667,35.62,35.5466667,35.5766667,1,1,0,0,0,0,0,0,1,0,0,0,0,36.49,train
24.2,42.9,0.6,1.3525,35.2125,35.215,34.7825,34.7425,35.2175,35.21,35.115,35.245,35.2525,35.23,35.24,35.2775,34.75,34.8925,35.2925,35.28,34.325,34.4325,34.605,34.2775,34.6225,35.1875,34.86,35.5825,35.465,35.4975,0,0,0,0,0,0,0,0,1,0,0,0,0,36.19,train
22.0,30.0,0.6,0.9725,35.77,36.02,34.83,34.92,35.7875,35.7275,35.76,35.8075,36.0125,36.0025,35.9675,36.0325,35.6225,35.79,36.03,36.0125,34.545,34.1125,34.2775,34.25,34.7075,35.83,35.02,36.31,35.935,35.9725,0,0,0,0,1,0,0,0,0,0,0,0,1,37.24,train
24.0,18.5,0.61,0.805,35.32,35.3925,34.5725,35.0125,35.3425,35.32,35.265,35.3775,35.365,35.365,35.21,35.3925,34.795,34.97,35.405,35.3775,34.675,34.6025,34.67,34.6325,34.51,35.46,34.92,35.7625,35.3025,35.345,1,0,0,0,0,0,0,0,1,0,0,0,0,36.79,train
24.0,44.9,0.56,1.3925,35.85,35.95,35.13,35.37,36.0975,35.8275,36.0975,36.14,35.925,35.9225,35.87,35.95,35.695,35.5725,36.14,36.1,35.38,35.075,35.275,35.3275,35.2025,35.7,35.5825,36.45,36.35,36.375,1,1,0,0,0,0,0,0,1,0,0,0,0,37.24,train
25.6,24.8,0.68,1.255,37.4725,37.175,36.9775,36.8975,37.455,37.4525,37.375,37.49,37.1675,37.145,37.09,37.18,37.2175,37.0675,37.49,37.455,35.9325,35.7125,35.79,35.785,36.04,36.465,36.3475,37.6325,37.47,37.495,1,0,0,0,0,0,0,0,0,0,0,0,1,38.49,train
24.0,13.2,0.6,0.965,36.05,36.21,35.6425,35.4325,36.02,36.0175,35.845,36.06,36.19,36.1825,35.9875,36.225,35.74,35.775,36.225,36.1875,34.1825,34.455,34.4175,34.665,33.925,35.6375,35.615,36.4575,36.205,36.23,1,1,0,0,0,0,0,0,0,0,0,0,1,37.54,train
25.2,31.8,0.69,0.9975,35.7325,35.85,35.0675,35.3275,35.735,35.705,35.665,35.795,35.8125,35.7975,35.7325,35.85,35.175,35.7125,35.8875,35.8325,35.2525,34.885,35.085,35.0775,35.2875,35.9925,35.64,36.3725,36.305,36.345,0,1,0,0,0,0,0,0,0,0,0,1,0,36.99,train
24.3,35.6,0.75,1.21,35.4066667,35.4966667,34.9733333,35.1866667,35.4166667,35.3733333,35.4133333,35.4533333,35.4833333,35.48,35.4433333,35.5,35.2533333,35.38,35.5,35.4833333,34.9033333,34.8133333,35.0133333,34.79,34.79,35.4933333,35.31,35.5233333,35.1433333,35.1633333,1,1,0,0,0,0,0,0,1,0,0,0,0,36.59,train
23.4,49.2,0.75,1.285,36.0875,36.0025,35.81,35.73,36.0775,36.0775,35.955,36.0975,36.0575,36.0575,35.6875,36.075,35.95,35.6075,36.1375,36.1225,35.15,35.125,34.945,35.275,35.14,35.535,35.4275,36.1375,35.98,36.0,0,0,0,0,0,0,0,0,0,0,0,0,1,37.99,train
24.0,17.6,0.64,0.89,35.2825,35.39,34.95,35.015,35.28,35.28,35.2075,35.295,35.345,35.34,35.125,35.3925,35.0225,35.015,35.4675,35.43,34.5775,34.49,34.295,34.68,33.9,35.655,35.24,36.0125,35.965,35.9925,0,0,0,0,0,0,0,0,1,0,0,0,0,37.14,train
24.1,21.8,0.6,1.0975,35.59,35.835,35.2175,35.4975,35.58,35.56,35.565,35.615,35.8225,35.79,35.655,35.8525,35.4775,35.6025,35.85,35.8225,34.71,34.8475,34.875,34.6275,35.405,35.7225,35.6075,35.9675,35.475,35.51,0,1,0,0,0,0,0,0,0,0,0,0,1,37.54,train
23.4,14.0,0.6,0.9,36.1775,35.6475,35.54,35.0475,36.145,36.145,35.7625,36.1775,35.65,35.65,35.2425,35.6675,34.9825,34.9475,36.1775,36.145,35.4175,35.1925,34.825,34.8875,35.4125,35.7475,35.6975,36.225,36.0025,36.0425,0,0,0,0,0,0,0,0,0,0,0,0,1,37.09,train
24.0,20.9,0.6,0.7925,35.1825,35.1125,34.2425,34.1425,35.19,35.175,35.1,35.2,35.1125,35.1025,35.0775,35.13,34.81,34.6175,35.2075,35.195,34.57,34.0575,34.625,34.3875,34.2975,35.31,34.9075,35.69,35.6525,35.69,1,1,0,0,0,0,0,0,0,0,0,0,1,36.19,train
24.5,31.7,0.7,1.31,35.265,35.37,34.235,34.7725,35.36,35.3425,35.3125,35.405,35.4225,35.4,35.4075,35.4475,34.7625,35.0525,35.455,35.4325,34.4725,34.4375,34.4375,34.4825,34.175,34.9325,34.8225,35.61,35.325,35.3625,1,1,0,0,0,0,0,0,0,1,0,0,0,36.64,train
25.9,22.0,0.6,0.97,35.7475,35.6675,34.835,35.1675,35.7725,35.695,35.7225,35.795,35.655,35.6475,35.27,35.7,35.615,35.0475,35.795,35.775,34.92,34.8275,34.6625,34.8125,35.0175,35.41,35.2975,35.795,35.5275,35.55,1,0,0,0,0,0,0,0,0,0,0,0,1,36.54,train
22.0,30.0,0.6,1.0675,35.6,35.3325,35.305,35.0025,35.585,35.585,35.395,35.6,35.39,35.34,35.3825,35.415,35.205,35.0425,35.6,35.585,34.805,35.0225,34.78,34.7925,34.8375,35.5825,35.3775,36.0725,35.97,36.0175,0,0,0,0,0,0,0,0,1,0,0,0,0,36.74,train
23.6,33.5,0.76,0.9925,36.015,35.6825,35.6525,35.37,36.035,35.9725,36.0,36.05,35.6575,35.6525,35.4175,35.6825,35.78,35.3825,36.05,36.035,34.6925,34.555,34.445,34.635,34.805,35.325,35.2375,36.19,35.9625,35.9975,0,1,0,0,0,0,0,0,0,1,0,0,0,36.99,train
23.3,33.2,0.76,0.8825,35.925,36.015,35.065,35.43,35.965,35.9625,35.7575,36.0,36.1325,36.035,35.8925,36.1775,35.6,35.575,36.18,36.135,34.425,34.15,34.59,34.275,34.8475,35.395,35.14,36.67,36.5325,36.5675,0,0,0,0,0,0,0,0,0,0,0,0,1,37.94,train
24.2,14.5,0.56,1.22,35.62,35.5625,35.2775,35.0725,35.6025,35.6,35.485,35.625,35.6,35.5625,35.5375,35.63,35.34,35.3325,35.6475,35.6225,34.91,34.73,34.8975,34.6375,35.2725,35.7025,35.445,36.035,35.765,35.8025,0,0,0,1,0,0,0,0,0,0,0,0,1,37.09,train
24.9,26.4,0.7,0.9,35.5525,35.4525,34.82,34.9825,35.545,35.505,35.53,35.565,35.475,35.4375,35.4025,35.515,35.2325,35.2575,35.5675,35.55,33.845,34.345,34.0575,33.835,34.065,35.1325,34.805,35.84,35.7725,35.82,1,0,0,1,0,0,0,0,0,1,0,0,0,37.09,train
24.0,44.9,0.56,1.2025,35.4575,35.29,34.6875,34.74,35.5425,35.465,35.225,35.58,35.31,35.2675,35.2725,35.33,35.015,35.1325,35.58,35.5425,34.6975,34.6175,34.745,34.43,34.8025,35.1725,35.085,36.1725,36.0975,36.1425,0,0,0,0,0,0,0,0,0,0,0,0,1,37.19,train
24.4,12.3,0.6,0.945,35.9875,36.285,35.6025,35.5625,35.9675,35.9675,35.725,35.9925,36.2525,36.2525,35.9875,36.285,35.3475,35.73,36.285,36.2525,35.005,34.74,34.9425,34.82,34.925,35.28,35.2275,36.285,35.06,35.0925,1,1,0,0,0,0,0,0,1,0,0,0,0,36.79,train
23.2,50.0,0.78,0.8325,35.985,35.515,35.175,35.0325,35.98,35.9725,35.6975,36.0175,35.4925,35.49,35.4325,35.52,35.62,35.09,36.0175,35.98,34.5275,34.4175,34.5125,34.33,34.545,35.125,34.87,36.3725,36.3325,36.3525,0,1,0,0,0,0,0,0,1,0,0,0,0,37.09,train
24.0,28.7,0.6,1.1175,35.2825,34.8775,34.7325,34.1525,35.37,35.235,35.3,35.3875,35.16,34.9175,35.1275,35.19,35.0925,34.5125,35.39,35.3725,34.435,34.7175,34.3875,34.2975,34.37,35.01,34.735,35.6375,35.1275,35.1525,1,0,0,0,0,0,0,0,1,0,0,0,0,36.89,train
26.4,27.2,0.78,0.72,35.9433333,36.1433333,34.5933333,35.41,35.9866667,35.91,35.9633333,36.0533333,36.1566667,36.1566667,35.7366667,36.19,35.7666667,35.54,36.1933333,36.17,34.6533333,34.79,31.8333333,34.7066667,34.5466667,35.3733333,35.0866667,36.42,36.3266667,36.3733333,1,0,0,1,0,0,0,0,0,0,0,0,1,37.59,train
23.2,35.2,0.6,0.965,35.1275,34.8275,34.7525,34.515,35.115,35.1075,35.055,35.135,34.9525,34.945,34.875,34.9875,34.7125,34.385,35.135,35.115,34.1475,33.885,33.94,34.05,33.92,34.92,34.5225,35.51,35.3275,35.3675,1,0,0,0,1,0,0,0,1,0,0,0,0,36.54,train
23.2,23.5,0.7,0.825,35.2425,35.235,34.975,34.6075,35.29,35.2175,35.1725,35.3175,35.3725,35.1975,35.3025,35.405,35.0175,34.96,35.425,35.4,33.8275,33.8825,32.8525,33.98,32.755,34.835,34.3775,35.7475,35.48,35.515,0,1,0,0,0,0,0,0,1,0,0,0,0,37.09,train
24.0,27.2,0.6,0.7775,34.9725,34.7675,34.5525,34.02,34.9575,34.945,34.885,34.985,34.9825,34.9825,34.7625,35.0225,34.72,34.325,35.2725,35.2625,34.86,34.8675,34.9075,34.59,34.5875,35.2625,35.235,35.4875,34.955,34.99,0,1,0,0,0,0,0,0,0,0,0,1,0,36.44,train
23.5,12.5,0.6,0.62,34.5975,34.5975,34.14,34.16,34.6825,34.65,34.6325,34.7225,34.64,34.5625,34.6025,34.6775,34.3475,34.355,34.7725,34.7325,34.03,34.025,34.2,33.8225,34.31,34.92,34.5725,35.235,34.855,34.88,0,1,0,0,0,0,0,0,1,0,0,0,0,36.54,train
23.9,21.3,0.6,0.5025,35.8725,35.8525,35.1425,35.05,35.8925,35.8825,35.7175,35.93,35.865,35.865,35.315,35.905,35.3825,34.775,35.95,35.915,35.0025,35.14,35.165,34.9775,35.16,35.62,35.465,36.0875,35.8225,35.87,0,0,0,0,0,0,0,0,0,0,0,0,1,37.04,train
24.5,17.7,0.64,1.0175,35.82,35.8975,35.1425,35.17,35.8,35.8,35.6,35.82,35.8675,35.8675,35.525,35.8975,35.2875,34.9725,35.8975,35.87,34.8525,34.985,35.0725,34.825,35.0125,35.48,35.4125,36.14,36.105,36.1275,0,1,0,0,0,0,0,0,0,0,0,0,1,37.14,train
25.6,14.9,0.62,1.38,35.5225,35.29,34.57,34.945,35.5575,35.555,35.325,35.58,35.3225,35.3225,35.1425,35.345,35.015,34.7925,35.5775,35.5575,35.1725,34.8525,35.1425,34.865,35.1475,36.1775,35.39,36.375,35.8075,35.8325,0,1,0,0,0,0,0,0,0,0,0,0,1,37.09,train
23.8,13.9,0.6,0.83,35.5833333,35.73,35.1133333,35.3133333,35.75,35.75,35.1,35.7733333,35.85,35.85,35.6066667,35.8833333,35.0333333,35.3966667,35.8866667,35.8633333,34.92,34.8166667,35.1366667,34.6733333,35.1733333,35.45,35.36,35.8866667,35.17,35.19,0,0,0,0,0,0,0,0,0,0,0,0,1,36.59,train
23.2,34.8,0.78,0.6775,35.0725,35.91,34.46,35.2525,35.0625,35.0425,35.0225,35.085,35.875,35.875,35.4525,35.91,34.54,35.245,35.91,35.8725,33.915,33.71,33.71,33.885,33.9475,34.62,34.335,36.375,36.245,36.2825,0,1,0,0,0,0,0,0,0,0,0,0,1,37.24,train
25.4,48.0,0.65,1.0775,35.705,35.325,35.28,35.0075,35.7,35.695,35.5475,35.735,35.4125,35.31,35.41,35.4225,35.1625,35.195,35.7325,35.7025,34.96,34.91,34.7925,34.6325,35.3725,36.1075,35.645,36.2825,35.9575,36.0,0,1,0,0,0,0,0,0,1,0,0,0,0,36.69,train
24.7,59.4,0.7,1.1675,35.67,35.7625,35.0175,35.2825,35.8225,35.6475,35.81,35.855,35.745,35.74,35.6575,35.78,35.5325,35.48,35.8525,35.8225,35.3025,34.9925,34.9525,35.025,35.3325,35.96,35.505,36.1775,35.9575,35.9725,0,0,0,0,0,0,0,0,0,0,0,0,1,37.19,train
23.2,23.3,0.7,0.9275,38.3275,38.03,37.1275,36.2525,38.345,38.3375,38.2575,38.365,38.0175,38.015,37.88,38.075,38.0325,37.2525,38.365,38.3425,36.74,36.8075,36.86,36.975,36.745,37.46,37.29,38.8075,38.4175,38.455,1,0,0,0,0,0,0,0,0,0,0,1,0,40.34,train
23.5,19.4,0.66,0.985,35.9575,35.91,35.6375,35.56,35.935,35.935,35.68,35.9575,35.97,35.97,35.4525,36.0025,35.5625,35.2725,36.0075,35.9875,35.105,35.175,34.7725,35.0,34.9975,35.9025,35.3875,36.1225,35.65,35.67,1,0,0,0,0,0,0,0,0,0,0,0,1,37.19,train
22.4,20.4,0.77,0.77,36.0075,36.0,35.38,35.605,36.065,35.985,35.975,36.09,35.9975,35.955,35.935,36.035,35.7,35.745,36.09,36.07,34.6225,34.31,34.2675,34.535,34.74,35.1675,35.09,36.24,35.67,35.7175,1,1,0,0,0,0,0,0,0,0,0,0,1,37.29,train
27.3,34.1,0.6,1.785,35.38,35.36,34.24,34.88,35.435,35.375,35.3925,35.46,35.475,35.47,35.35,35.5,34.8175,35.0675,35.5125,35.4875,35.2,35.1375,35.3175,35.03,35.24,35.8025,35.6125,36.03,35.7175,35.7525,0,0,0,0,0,0,0,0,0,0,0,0,1,36.94,train
25.1,50.2,0.73,1.22,35.4375,35.25,34.9875,34.91,35.4075,35.4075,34.845,35.4375,35.24,35.24,35.0225,35.26,34.8025,35.0075,35.4375,35.41,33.86,33.7075,34.105,33.93,33.99,35.2475,34.495,35.5,35.255,35.2775,1,0,0,0,0,0,0,0,0,0,0,0,1,36.99,train
25.0,35.1,0.75,1.335,35.185,35.2575,34.61,34.895,35.37,35.165,35.37,35.4025,35.2375,35.2375,35.06,35.2575,35.095,34.84,35.4025,35.37,34.65,34.655,34.6025,34.33,34.45,35.24,34.8675,35.665,35.3725,35.4025,0,1,0,0,0,0,0,0,1,0,0,0,0,36.34,train
26.3,55.2,0.6,1.2525,35.6575,35.6925,35.255,35.3675,35.8125,35.61,35.8125,35.8325,35.8375,35.6825,35.8325,35.87,35.515,35.575,35.9275,35.9,34.815,34.64,34.71,34.8025,34.7675,35.135,35.0125,35.95,35.37,35.3925,0,0,0,0,0,0,0,0,1,0,0,0,0,37.09,train
24.7,45.2,0.6,1.3225,35.6825,35.595,35.2875,35.0625,35.6975,35.67,35.665,35.715,35.5625,35.56,35.43,35.595,35.415,35.14,35.715,35.695,34.765,34.8375,34.8575,34.7475,34.9325,35.36,35.215,35.8925,35.49,35.53,1,1,0,0,0,0,0,0,0,1,0,0,0,36.74,train
23.7,12.4,0.7,0.6975,35.5375,35.52,34.9675,34.9775,35.5625,35.5625,35.1975,35.5825,35.55,35.55,35.2025,35.5725,34.8875,34.8725,35.615,35.5875,34.6125,34.67,35.0275,34.605,34.6925,35.735,35.3575,35.9925,35.49,35.515,0,1,0,0,0,0,0,0,1,0,0,0,0,36.69,train
26.2,48.5,0.63,1.4725,35.5475,35.3225,34.8675,34.8675,35.63,35.5875,35.5775,35.645,35.4225,35.3075,35.4175,35.4575,35.155,35.0025,35.645,35.63,34.9075,34.755,34.62,35.0025,35.1025,35.5425,35.3825,36.1675,36.1475,36.1675,0,0,0,0,0,0,0,0,0,0,0,0,1,36.99,train
23.5,13.6,0.6,0.7675,35.8975,36.2375,35.3075,35.785,35.88,35.88,35.555,35.9125,36.2125,36.2125,35.6575,36.24,35.2625,35.4875,36.24,36.2125,34.85,34.8725,35.3175,34.7775,34.99,35.8075,35.5075,36.3575,36.24,36.2625,0,1,0,0,0,0,0,0,1,0,0,0,0,36.99,train
23.6,14.8,0.77,1.2,36.17,36.3725,35.9175,36.015,36.19,36.1475,36.155,36.225,36.4025,36.4025,35.915,36.43,35.8875,35.7475,36.4425,36.41,34.3675,33.9725,33.8675,34.4975,33.745,35.7775,34.7875,36.61,36.0,36.02,1,0,1,0,0,0,0,0,1,0,0,0,0,37.99,train
24.2,17.1,0.6,0.91,35.32,35.3725,34.9525,35.0275,35.285,35.285,35.17,35.32,35.375,35.3675,35.245,35.4125,35.105,35.0825,35.415,35.375,34.225,34.2075,34.3025,34.095,34.4275,34.93,34.65,35.5475,35.4825,35.5075,0,1,0,0,0,0,0,0,1,0,0,0,0,36.94,train
24.4,58.8,0.7,1.345,35.76,36.185,35.15,35.765,35.875,35.7375,35.8525,35.9225,36.1675,36.1675,35.865,36.1925,35.6225,35.805,36.1925,36.1675,34.7625,34.4775,34.4375,34.5975,34.955,35.3125,35.1775,36.3875,35.845,35.865,0,0,0,0,0,0,0,0,0,0,0,0,1,37.24,train
26.4,29.1,0.62,1.5275,37.715,37.3675,37.32,36.61,37.6775,37.6775,37.485,37.715,37.3525,37.3275,37.31,37.3875,37.455,37.155,37.715,37.6775,36.56,36.2325,36.105,36.4225,36.7675,37.3875,36.9025,37.81,37.3625,37.37,1,0,0,0,0,0,0,0,1,0,0,0,0,38.84,train
26.2,48.5,0.6,1.6275,36.0225,35.8925,35.3875,35.49,36.1025,36.0075,36.1025,36.125,35.91,35.905,35.8675,35.92,35.8725,35.6,36.125,36.105,34.9225,33.73,34.8575,35.1825,33.2375,36.0925,35.595,36.25,36.12,36.135,1,1,0,0,0,0,0,0,0,0,0,0,1,36.99,train
24.2,14.6,0.54,1.1675,35.285,35.3675,34.8625,35.065,35.4675,35.24,35.29,35.49,35.365,35.365,35.075,35.38,35.01,35.03,35.49,35.4675,34.4625,34.3325,34.3775,34.35,34.795,35.2125,34.9875,35.765,35.495,35.5275,0,0,0,1,0,0,0,0,1,0,0,0,0,36.74,train
24.2,18.1,0.7,0.785,35.42,35.22,34.6475,34.3575,35.4275,35.4075,35.205,35.45,35.3075,35.21,35.25,35.3275,34.56,34.7825,35.4475,35.4275,34.0675,34.0875,34.0925,33.8625,34.0775,34.805,34.5825,35.65,35.225,35.245,0,0,0,0,0,0,0,0,0,0,0,0,1,36.79,train
22.9,13.9,0.71,0.8475,35.34,35.4825,34.5925,34.7725,35.4475,35.4475,35.065,35.4575,35.52,35.52,35.2375,35.565,34.4775,34.68,35.565,35.52,34.255,34.0575,34.155,33.825,34.2075,35.3275,34.825,35.9275,35.7575,35.8275,0,0,0,0,0,0,0,0,0,0,0,0,1,37.09,train
24.0,21.3,0.6,0.915,35.0675,35.3775,34.7875,35.155,35.12,35.12,34.88,35.145,35.4075,35.3725,35.375,35.435,34.585,35.2575,35.4325,35.4075,34.525,34.5525,35.0925,34.615,34.725,35.5175,35.23,35.59,35.4525,35.48,1,0,0,0,1,0,0,0,1,0,0,0,0,36.64,train
24.2,18.1,0.65,0.6925,36.4525,36.26,35.5225,35.6675,36.4875,36.4025,36.4825,36.535,36.23,36.22,36.1175,36.26,36.1725,35.5925,36.535,36.4875,35.275,35.2925,35.6325,35.6375,35.725,36.1475,35.91,36.77,36.67,36.725,0,0,0,0,0,0,0,0,0,0,0,0,1,37.89,train
24.1,13.8,0.6,0.8375,35.5875,35.2675,35.0075,34.995,35.5525,35.5425,35.3625,35.5875,35.2525,35.2525,35.065,35.2925,35.2075,35.045,35.5925,35.555,34.8025,35.105,34.8675,34.6375,34.96,35.6575,35.35,35.74,35.155,35.17,0,1,0,0,0,0,0,0,1,0,0,0,0,36.79,train
24.5,23.1,0.6,1.215,36.2575,36.46,35.645,35.685,36.425,36.2575,36.405,36.435,36.445,36.4275,36.43,36.475,36.035,36.3225,36.475,36.4525,35.575,35.45,35.4825,35.355,35.4325,35.95,35.73,36.5475,36.1425,36.1725,1,0,0,0,0,0,0,0,0,0,0,0,1,37.59,train
24.1,20.1,0.66,0.955,35.9825,35.775,35.4025,35.2,35.9875,35.9575,35.9725,36.01,35.76,35.76,35.67,35.775,35.835,35.57,36.01,35.9875,34.435,34.18,35.4525,34.225,34.7475,35.63,35.535,36.07,35.7,35.7325,0,0,0,0,0,0,0,0,0,0,0,0,1,37.24,train
22.0,30.0,0.6,0.93,35.3975,35.88,34.2625,34.965,35.545,35.3725,35.545,35.5675,36.045,35.7775,36.015,36.0875,35.0175,35.745,36.0875,36.045,33.0,32.9475,32.7675,32.6225,32.6,34.8,33.9525,36.435,36.38,36.435,1,0,0,0,0,0,0,0,0,0,0,0,1,37.44,train
24.1,13.5,0.6,0.76,35.3725,35.38,34.85,34.8225,35.405,35.3,35.405,35.4375,35.3725,35.3625,35.3225,35.3975,35.2925,35.27,35.45,35.415,34.3825,33.7025,33.69,33.6425,34.6125,35.0925,34.81,35.455,35.01,35.03,0,0,0,0,0,0,0,0,0,0,0,1,0,36.79,train
24.9,26.4,0.7,1.2125,35.7475,35.8325,35.2325,35.4725,35.73,35.7225,35.6425,35.7525,35.7925,35.79,35.625,35.8325,35.605,35.4975,35.8325,35.7975,35.0475,35.01,35.0375,34.935,34.3625,35.925,35.415,36.2275,36.1325,36.1625,1,0,0,0,0,0,0,0,0,0,0,0,1,36.89,train
20.6,57.8,0.74,0.54333333,35.5266667,35.5366667,35.0466667,35.1733333,35.4933333,35.4933333,35.28,35.5266667,35.7233333,35.6266667,35.68,35.75,34.69,35.27,35.85,35.82,34.2766667,34.23,33.9266667,34.2366667,34.18,34.8166667,34.5966667,36.0666667,35.77,35.82,0,1,0,0,0,0,0,0,0,1,0,0,0,37.14,train
24.1,27.3,0.6,0.9025,35.725,35.6475,35.3225,35.3,35.7725,35.7725,35.3975,35.79,35.6525,35.6425,35.455,35.6775,35.305,35.3675,35.7875,35.77,34.545,34.49,34.915,34.4275,34.38,35.3425,35.1975,35.8175,35.74,35.7725,1,0,0,0,0,0,0,0,0,0,0,0,1,36.74,train
25.4,55.2,0.6,0.7775,35.365,35.26,34.945,34.85,35.4575,35.3425,35.4525,35.48,35.3225,35.225,35.3125,35.35,35.17,35.11,35.48,35.4575,34.7175,34.9875,34.8025,34.895,34.65,35.4675,35.1775,35.955,35.935,35.955,1,0,0,0,1,0,0,0,1,0,0,0,0,36.89,train
23.3,23.4,0.64,0.7825,34.775,35.2675,33.9875,34.56,35.36,34.915,35.36,35.405,35.24,35.2325,34.9925,35.3225,34.625,34.905,35.5125,35.5025,34.8475,34.7175,34.86,34.3575,34.54,35.6875,35.535,35.8725,35.135,35.1525,0,1,0,0,0,0,0,0,1,0,0,0,0,36.99,train
25.3,22.9,0.6,1.5225,36.805,36.6725,36.2625,36.24,36.8275,36.785,36.805,36.8625,36.745,36.745,36.64,36.7675,36.415,36.4125,36.8625,36.83,35.8825,36.08,35.775,35.69,36.0475,36.705,36.2275,37.0525,36.36,36.3775,0,0,0,0,0,0,0,0,1,0,0,0,0,38.19,train
25.6,35.1,0.6,1.3525,36.1075,35.8375,35.62,35.19,36.0825,36.08,35.87,36.1075,35.825,35.825,35.41,35.8475,35.88,35.31,36.1075,36.0825,34.3375,34.3525,34.4525,34.6075,34.025,35.0975,34.91,36.1075,35.4375,35.47,0,0,0,0,0,0,0,0,0,0,0,0,1,36.99,train
24.5,39.2,0.6,1.0175,35.965,35.62,35.595,35.185,36.0625,35.935,36.0,36.0875,35.69,35.6175,35.6375,35.7225,35.82,35.4125,36.0875,36.0625,34.82,34.7475,35.275,35.015,34.71,35.5825,35.48,36.3,36.1975,36.21,0,1,0,0,0,0,0,0,0,0,0,1,0,37.29,train
22.7,18.1,0.92,0.53,35.0275,34.6025,34.3575,34.15,35.02,35.0075,34.9675,35.0475,34.62,34.62,34.12,34.65,34.735,33.975,35.045,35.0175,33.3075,33.21,33.29,33.0925,33.535,34.7475,33.8125,35.0825,34.735,34.785,1,0,0,0,0,0,0,0,1,0,0,0,0,35.64,train
24.0,13.5,0.6,1.015,36.8325,36.93,36.6,36.58,36.8225,36.8225,36.6775,36.84,36.91,36.91,36.6025,36.9325,36.5675,36.2825,36.9325,36.91,35.5375,35.2125,35.3475,35.175,35.5575,36.6825,35.9925,37.3425,37.295,37.33,0,1,0,0,0,0,0,0,0,0,1,0,0,38.64,train
22.2,43.1,0.78,0.7925,35.0975,35.3225,34.68,34.78,35.185,35.04,35.1425,35.2275,35.3575,35.295,35.12,35.38,34.9925,35.0225,35.3775,35.3575,34.0625,33.9575,33.5925,33.965,34.3075,34.935,34.495,35.885,35.8525,35.885,1,0,0,0,0,0,0,0,0,1,0,0,0,36.69,train
23.6,13.7,0.6,0.855,35.8775,35.95,35.5275,35.4975,35.9225,35.9225,35.5,35.955,35.94,35.94,35.6125,35.965,35.32,35.2725,35.9825,35.95,35.01,34.985,35.2125,35.15,35.0925,35.8225,35.49,36.12,36.0075,36.0375,1,0,0,0,0,0,0,0,0,0,0,0,1,36.99,train
23.6,10.8,0.6,1.1075,36.6,36.2475,36.045,35.8525,36.595,36.595,35.9475,36.62,36.3725,36.3725,35.755,36.39,35.805,35.595,36.6175,36.595,35.315,35.4125,35.415,35.3625,33.83,35.8025,35.6725,36.62,35.5325,35.555,1,0,0,0,0,0,0,0,0,0,0,1,0,37.14,train
24.1,17.9,0.6,0.88,34.73,35.17,34.2525,34.725,34.9975,34.9975,34.4725,35.0375,35.14,35.1375,34.985,35.175,33.8575,34.585,35.2325,35.185,33.4925,33.6275,33.61,33.3175,33.735,34.605,34.4425,35.8,35.5325,35.5825,0,0,0,0,0,0,0,0,1,0,0,0,0,36.34,train
21.7,56.3,0.68,0.8275,34.75,35.2125,33.2,34.3925,35.0525,34.8775,34.9775,35.08,35.325,35.325,34.7775,35.3625,34.325,34.4,35.3625,35.325,33.74,33.8525,33.8225,33.6,33.6775,34.485,34.155,35.585,35.42,35.4725,1,1,0,0,0,0,0,0,0,0,0,0,1,36.59,train
25.9,31.6,0.7,1.1275,35.325,35.485,34.2475,34.6825,35.48,35.38,35.4325,35.5025,35.4925,35.4925,35.2625,35.515,34.9075,35.02,35.555,35.5275,35.09,35.2775,34.9425,35.1325,35.0325,35.7025,35.5675,35.915,35.7875,35.8075,1,0,0,0,0,0,0,0,0,0,0,0,1,36.54,train
24.2,18.6,0.58,0.8975,34.8775,35.1175,33.8275,34.72,34.8825,34.86,34.8375,34.93,35.115,35.115,34.8525,35.1425,34.3225,34.68,35.1425,35.115,33.9225,34.22,33.705,33.8225,34.2625,35.33,34.7775,35.615,35.4025,35.4425,0,0,0,0,0,0,0,0,0,0,0,1,0,36.59,train
22.7,42.1,0.76,0.71,35.785,35.975,35.2575,35.2625,35.8075,35.8075,35.605,35.825,35.9875,35.9825,35.6725,36.0125,35.3225,35.5425,36.0125,35.9875,34.6475,34.7175,34.98,34.2675,34.52,35.3975,35.1875,36.2025,35.8425,35.88,1,0,0,0,1,0,0,0,0,0,1,0,0,37.24,train
26.3,29.0,0.56,1.645,35.9975,35.6525,35.5225,35.035,36.0575,36.0325,36.0025,36.075,35.915,35.845,35.87,35.96,35.5575,35.1275,36.0825,36.0625,35.2075,35.295,35.3675,35.1075,35.1575,35.67,35.6075,36.385,36.3425,36.385,0,0,0,0,0,0,0,0,0,0,0,0,1,37.19,train
24.1,17.9,0.6,0.95,36.3175,36.2875,35.34,35.61,36.3025,36.27,36.2225,36.325,36.31,36.31,36.185,36.3325,35.83,35.8825,36.3425,36.325,34.6675,35.0725,35.2175,34.805,33.28,35.495,35.3375,36.5975,36.375,36.4125,1,0,0,0,0,0,0,0,0,0,0,0,1,37.24,train
22.3,21.6,0.63,0.635,35.76,35.9225,35.2975,35.46,35.7325,35.7325,35.2675,35.7775,35.895,35.8925,35.5925,35.935,35.125,35.255,35.9325,35.9,34.4025,34.48,34.4025,34.5475,34.675,35.7775,34.94,35.955,35.19,35.21,0,1,0,0,0,0,0,0,0,0,0,0,1,36.84,train
23.7,16.6,0.6,0.91,37.8275,37.93,36.44,37.18,37.8775,37.8775,37.7625,37.915,37.97,37.97,37.765,37.9875,36.9825,37.225,38.0075,37.98,36.025,35.87,35.9525,35.8775,36.1325,37.1775,36.3925,38.3225,38.02,38.0575,0,1,0,0,0,0,0,0,0,0,0,0,1,39.59,train
24.0,48.4,0.7,1.04,34.8475,34.94,34.5125,34.6475,34.9325,34.905,34.8925,34.965,34.97,34.9625,34.8025,35.035,34.73,34.6725,35.0675,35.01,34.355,34.6325,34.315,34.1825,34.875,35.19,35.085,35.4575,34.87,34.905,0,0,0,0,0,0,0,0,1,0,0,0,0,36.59,train
24.0,14.5,0.6,0.7775,35.99,35.6125,35.51,34.9975,35.9575,35.9575,35.6075,35.99,35.7725,35.7725,35.4625,35.81,35.52,35.0825,35.99,35.9575,34.76,34.735,34.7675,34.7125,34.8225,35.395,35.29,36.265,36.2175,36.24,0,0,0,0,0,0,0,0,0,0,0,0,1,37.29,train
22.0,30.0,0.6,1.075,36.9825,35.6625,35.8875,35.3825,37.1,36.97,37.035,37.1375,37.025,36.9925,35.4775,37.05,35.3025,35.225,37.1875,37.1525,36.34,36.3125,36.3875,36.25,36.37,37.215,36.6,37.4525,36.4875,36.52,1,0,0,0,0,0,0,0,0,1,0,0,0,38.39,train
22.1,42.1,0.67,0.605,36.7375,36.975,36.3475,36.5425,36.73,36.7,36.5425,36.7675,36.955,36.95,36.68,36.9775,35.985,36.415,36.9775,36.955,35.165,34.9875,35.03,34.88,35.1275,36.28,35.68,37.2625,36.35,36.39,1,1,0,0,0,0,0,0,0,0,0,0,1,38.44,train
25.1,26.9,0.67,1.4025,35.4775,35.2725,35.075,34.9525,35.5125,35.475,35.3625,35.55,35.2825,35.2825,34.95,35.295,35.0425,34.6425,35.55,35.525,34.8025,34.4425,34.57,34.7675,34.54,35.66,35.1725,36.015,35.8575,35.88,1,0,0,0,0,0,0,0,1,0,0,0,0,36.99,train
24.0,24.6,0.6,1.1075,35.6,35.5125,35.1325,35.075,35.6575,35.5725,35.645,35.6825,35.855,35.505,35.855,35.88,35.4025,35.3975,35.875,35.855,34.7,34.76,35.0375,34.695,34.625,35.355,35.355,36.09,35.715,35.735,0,1,0,0,0,0,0,0,1,0,0,0,0,36.89,train
22.0,30.0,0.6,1.02,35.6075,35.445,34.71,34.395,35.62,35.6075,35.58,35.6425,35.5875,35.55,35.565,35.6075,35.32,34.8225,35.6675,35.6425,34.985,34.67,34.585,34.6575,34.8325,35.4025,35.2475,35.6675,35.435,35.4625,1,1,0,0,0,0,0,0,0,0,0,0,1,36.64,train
24.4,15.3,0.65,0.8675,36.11,35.7,35.705,35.4425,36.085,36.085,35.84,36.11,35.68,35.6775,35.5325,35.7,35.7625,35.4725,36.1825,36.1225,35.19,34.6775,35.0075,34.9025,35.28,35.475,35.3775,36.3175,36.235,36.295,0,0,0,0,0,0,0,0,0,0,0,0,1,36.89,train
23.7,35.0,0.72,0.745,35.3875,35.1,34.365,34.0725,35.3775,35.3775,35.08,35.4125,35.105,35.105,34.9725,35.1425,34.845,34.6125,35.4125,35.375,34.72,34.5825,34.875,34.4975,34.005,35.265,35.215,36.4775,36.445,36.4775,0,1,0,0,0,0,0,0,0,0,1,0,0,36.94,train
21.3,43.5,0.76,0.6375,35.63,35.7375,35.165,35.3375,35.5825,35.575,35.3275,35.63,35.74,35.74,35.1625,35.7625,34.9125,34.9675,35.7625,35.74,34.875,34.6375,34.33,34.5725,35.0425,35.245,35.195,35.855,35.21,35.2525,1,0,0,0,0,0,0,0,0,0,1,0,0,36.84,train
21.0,57.9,0.68,0.7175,35.9775,36.38,35.5775,35.915,35.9675,35.9675,35.7925,35.98,36.3575,36.3575,35.9775,36.3825,35.6775,35.955,36.38,36.355,33.9925,33.945,33.9675,34.12,34.245,35.485,34.7675,36.4975,36.265,36.3025,0,1,0,0,0,0,0,0,0,1,0,0,0,38.29,train
22.4,14.7,0.7,0.585,35.48,35.5775,35.0025,35.1125,35.505,35.46,35.4825,35.5225,35.6275,35.56,35.5775,35.6475,35.205,35.4575,35.6475,35.6275,34.1875,34.1525,34.1775,34.135,34.2275,34.825,34.6225,36.1025,35.85,35.9125,0,0,0,0,0,0,0,0,0,0,0,0,1,37.34,train
24.1,18.4,0.65,0.8625,36.195,36.3575,35.47,35.945,36.1925,36.165,36.17,36.235,36.325,36.325,35.855,36.3575,35.935,35.785,36.3575,36.325,34.6475,34.345,34.6625,34.3525,34.8675,35.6,35.2125,36.495,36.0675,36.11,0,0,0,0,0,0,0,0,0,0,0,0,1,37.19,train
25.5,33.1,0.7,1.0225,35.9975,35.9575,35.24,35.345,35.9825,35.94,35.955,36.0225,35.925,35.9175,35.875,35.9625,35.795,35.7525,36.0225,35.985,34.855,34.915,35.0,34.5175,32.89,35.45,35.415,36.5675,36.495,36.5425,1,1,0,0,0,0,0,0,0,0,1,0,0,37.29,train
25.7,30.2,0.6,1.22,36.035,35.4425,35.7925,35.2525,36.01,36.01,35.935,36.035,35.5575,35.465,35.4475,35.5775,35.9,35.245,36.035,36.01,35.2175,35.1475,35.18,34.9825,35.05,35.5825,35.5375,36.14,35.9475,35.9575,1,0,0,0,0,0,0,0,0,0,0,1,0,36.84,train
22.1,26.2,0.64,0.885,35.4425,35.2525,35.0675,34.9,35.5075,35.405,35.4875,35.53,35.2675,35.2325,35.025,35.2975,35.1375,34.8775,35.53,35.505,34.1425,34.3675,34.1925,34.1625,34.12,34.745,34.575,35.67,35.1575,35.1725,1,0,0,0,0,0,0,0,0,1,0,0,0,36.59,train
28.0,47.8,0.6,1.6825,35.9825,36.0225,35.49,35.655,36.1125,35.995,36.075,36.1475,36.0075,35.9925,35.97,36.03,35.6975,35.895,36.1475,36.1225,34.97,35.1225,35.2725,34.87,35.1225,35.6975,35.6525,36.425,36.265,36.31,0,0,0,0,0,0,0,0,0,0,0,0,1,37.34,train
24.1,23.0,0.6,0.99,34.9333333,34.5433333,33.8,33.8066667,34.88,34.8733333,34.5766667,34.9333333,34.58,34.52,34.36,34.5933333,34.55,34.14,35.0833333,35.0566667,33.49,33.9266667,33.8566667,33.18,33.5833333,34.8433333,33.9433333,35.3,34.8666667,34.8966667,1,0,0,0,0,0,1,0,0,1,0,0,0,36.59,train
27.9,31.0,0.7,1.645,35.5575,35.6225,34.7375,34.8825,35.6875,35.58,35.6875,35.7,35.66,35.63,35.605,35.675,35.445,35.5025,36.06,36.025,35.1975,35.31,35.3425,35.1875,35.3725,36.495,35.65,36.5525,35.935,35.9675,0,0,0,0,0,0,0,0,0,1,0,0,0,36.84,train
28.0,53.7,0.6,2.555,35.6275,35.485,35.2975,35.0625,35.64,35.625,35.625,35.665,35.5475,35.465,35.545,35.5825,35.51,35.29,35.665,35.6425,34.2,34.3675,34.315,34.6875,34.1625,35.1375,34.9675,35.7275,35.4575,35.4875,1,0,0,0,0,0,0,0,1,0,0,0,0,36.74,train
23.8,27.9,0.68,0.3075,35.085,35.2375,34.0775,34.3425,35.115,35.1075,34.6325,35.14,35.2075,35.2075,34.7425,35.2375,34.14,34.495,35.24,35.21,33.9875,34.1025,34.0825,33.7,33.9925,34.775,34.4325,35.26,34.285,34.31,1,1,0,0,0,0,0,0,0,0,0,0,1,36.59,train
23.7,12.0,0.7,0.86,35.615,35.51,35.0675,35.0525,35.5775,35.5775,35.2525,35.6175,35.5025,35.5025,35.2025,35.545,35.2075,35.0325,35.64,35.5875,34.3375,34.1475,34.1125,34.3525,34.115,35.5775,34.6725,35.685,35.3975,35.43,0,0,0,0,0,0,0,0,1,0,0,0,0,36.29,train
23.9,20.2,0.65,0.855,35.415,35.4675,34.275,34.7875,35.495,35.3975,35.465,35.515,35.4425,35.4275,35.32,35.485,35.0,35.1475,35.535,35.5075,34.6525,34.4975,34.88,34.28,34.5725,35.4575,35.245,35.5825,35.1425,35.1625,0,0,0,0,0,0,0,0,0,0,0,0,1,36.69,train
24.0,27.2,0.6,0.9175,35.435,35.9025,34.5175,34.7925,35.58,35.5725,35.5125,35.5975,35.9675,35.9675,35.6425,35.9925,35.1925,35.4525,35.9925,35.9675,34.4925,35.0325,34.4475,34.5175,34.515,35.8975,35.1925,36.19,35.815,35.8525,0,0,0,0,0,0,0,0,0,0,0,0,1,37.04,train
24.6,25.5,0.6,1.045,34.58,34.685,33.0375,33.3975,35.275,34.4725,35.275,35.3,35.1425,34.785,35.14,35.165,34.3275,34.4525,35.3,35.28,33.815,33.91,34.4975,33.6025,34.19,35.58,34.85,35.865,35.8275,35.85,0,1,0,0,0,0,0,0,1,0,0,0,0,37.04,train
24.2,21.6,0.6,1.0775,37.8375,37.9375,37.305,37.55,37.8275,37.7925,37.7675,37.855,37.915,37.915,37.675,37.9375,37.73,37.7225,37.9375,37.915,36.195,36.235,36.365,36.3675,36.2225,36.855,36.6425,38.1775,37.7075,37.725,0,1,0,0,0,0,0,0,0,1,0,0,0,39.84,train
24.3,17.6,0.66,0.7025,35.62,35.795,34.625,35.335,35.72,35.58,35.72,35.7625,35.7575,35.7575,35.52,35.8025,35.51,35.235,35.845,35.79,34.8725,35.105,35.2075,34.9625,34.7375,35.555,35.39,36.16,36.06,36.0925,0,1,0,0,0,0,0,0,0,0,0,0,1,37.09,train
25.3,26.4,0.6,0.235,34.89,35.1975,34.28,34.9025,35.185,34.955,35.1825,35.205,35.195,35.1925,35.115,35.2125,34.6625,35.0325,35.285,35.2525,34.195,33.995,34.145,34.1575,34.1425,35.4025,34.4175,35.685,35.635,35.6475,0,0,0,0,0,1,0,0,0,1,0,0,0,36.99,train
24.3,18.1,0.64,1.01,35.8475,35.445,35.315,34.7425,35.81,35.81,35.505,35.8475,35.8525,35.4575,35.8525,35.895,35.2275,35.115,35.9125,35.8925,34.7675,34.8525,34.8475,34.655,34.8,35.3,35.2025,35.9125,35.625,35.6575,1,0,0,0,0,0,0,0,0,0,0,0,1,36.79,train
24.5,46.4,0.55,1.4125,35.61,35.625,35.175,35.1325,35.71,35.6225,35.6975,35.7425,35.615,35.605,35.4375,35.6425,35.445,35.17,35.7425,35.71,34.9475,34.5825,34.7625,34.975,34.955,35.235,35.1675,35.8575,35.6075,35.64,1,0,0,0,0,0,0,0,0,0,1,0,0,36.69,train
28.0,53.7,0.6,2.03,35.7575,35.6875,34.9725,35.045,35.865,35.755,35.85,35.8925,35.745,35.715,35.63,35.7775,35.64,35.4475,35.92,35.895,33.935,34.145,34.22,33.83,34.2875,34.8725,34.6125,36.2575,36.2225,36.2575,0,0,0,1,0,0,0,0,0,0,0,0,1,36.84,train
24.6,36.8,0.6,0.87,36.05,35.87,35.6625,35.485,36.065,36.03,35.9975,36.0925,35.8325,35.8325,35.4075,35.87,35.845,35.415,36.0925,36.0625,34.9225,35.2375,34.8,35.015,35.0625,35.5975,35.545,36.16,35.9675,36.0025,0,1,0,0,0,0,0,0,0,0,0,0,1,37.14,train
24.5,57.0,0.71,1.2625,35.67,35.6575,35.1425,34.98,35.7175,35.6425,35.6675,35.7425,35.6875,35.6425,35.4125,35.7175,35.285,35.1175,35.7925,35.7675,34.3925,34.16,34.2675,34.2975,34.315,35.115,34.6775,35.9225,35.7375,35.7925,0,1,0,0,0,0,0,0,0,0,0,0,1,36.74,train
24.0,20.1,0.6,1.01,35.5075,35.44,35.075,34.93,35.4775,35.475,35.185,35.5075,35.4275,35.4275,35.17,35.4575,35.1525,35.0,35.5175,35.485,34.69,34.5375,34.435,34.31,34.95,35.6025,35.13,35.7125,35.21,35.235,0,0,0,0,0,0,0,0,0,0,0,1,0,36.79,train
26.1,43.7,0.72,2.3675,35.1225,35.2025,34.24,34.3,35.3725,35.125,35.365,35.4,35.225,35.155,35.2175,35.2475,34.955,35.0475,35.4,35.3725,32.8525,32.82,33.07,33.165,32.6675,34.2025,33.6075,35.6375,35.585,35.6375,1,0,0,1,0,0,0,0,1,0,0,0,0,36.84,train
24.2,32.8,0.6,0.7275,35.7625,35.8275,34.795,35.345,35.735,35.7275,35.6775,35.765,35.8075,35.805,35.67,35.8325,35.46,35.215,35.835,35.8125,34.6775,35.0475,34.8325,34.65,34.83,35.7325,35.3,36.1025,35.6975,35.725,0,0,0,1,0,0,0,0,0,0,0,0,1,36.84,train
23.2,27.9,0.8,0.8525,35.9075,35.82,35.32,35.1975,35.89,35.89,35.665,35.91,35.8075,35.795,35.7025,35.8425,35.4625,35.375,35.91,35.89,34.305,33.8775,34.2,33.8975,34.4925,35.2475,34.64,36.1775,36.01,36.045,0,0,0,0,0,0,0,0,0,0,0,1,0,37.04,train
23.6,20.1,0.6,0.7725,36.615,36.5775,36.195,36.1825,36.865,36.5975,36.865,36.9125,36.5825,36.51,36.5575,36.6225,36.465,36.24,36.91,36.8625,35.5975,35.3975,35.3975,35.515,35.8925,36.5325,36.0925,36.9475,36.6175,36.65,1,1,0,0,0,0,0,0,0,0,0,0,1,37.64,train
25.2,39.3,0.75,1.12,34.97,35.2075,34.715,34.9275,34.9875,34.9725,34.9275,35.03,35.2125,35.2125,35.025,35.24,34.7325,34.9175,35.3325,35.2875,34.825,34.715,34.355,34.4825,34.915,35.82,35.215,36.12,35.6225,35.645,0,1,0,0,0,0,0,0,1,0,0,0,0,36.99,train
23.8,15.1,0.6,1.025,35.19,35.3875,34.25,34.7275,35.2075,35.055,35.1775,35.2525,35.395,35.34,35.1175,35.44,34.7975,35.015,35.4375,35.395,32.97,33.2625,33.655,32.9425,33.285,34.62,33.9375,35.7,35.6475,35.675,1,0,0,0,0,0,0,0,0,0,0,0,1,36.64,train
23.4,14.0,0.6,0.915,35.6775,35.6625,34.6625,34.9675,35.795,35.7275,35.765,35.8325,35.62,35.6125,35.5225,35.665,35.29,35.46,35.8325,35.795,34.6525,35.095,34.6725,34.475,34.7275,35.3,35.12,35.98,35.0475,35.11,0,0,0,0,0,0,0,0,1,0,0,0,0,36.79,train
24.0,26.3,0.6,1.025,38.405,38.03,37.33,37.2325,38.385,38.38,38.33,38.4075,38.03,38.005,37.95,38.05,38.155,37.6825,38.4075,38.3825,36.89,36.935,36.77,36.88,36.7825,37.3925,37.295,38.4175,37.85,37.9025,1,0,0,0,0,0,0,0,0,0,0,0,1,38.94,train
24.1,17.2,0.6,0.955,35.6775,35.715,35.25,35.31,35.65,35.65,35.4975,35.68,35.7,35.6925,35.6275,35.745,35.21,35.425,35.7775,35.755,34.36,34.3075,34.5025,34.3125,34.595,35.225,34.835,36.185,36.15,36.185,0,0,0,0,0,0,0,0,0,0,0,0,1,36.94,train
25.2,35.9,0.6,1.0575,35.2725,35.3275,33.93,34.91,35.385,35.245,35.385,35.4175,35.3125,35.3125,35.1825,35.3275,35.125,35.0275,35.4225,35.39,34.03,33.92,34.185,34.045,33.215,34.755,34.51,36.0525,36.0325,36.0525,1,0,0,0,0,0,0,0,0,0,0,0,1,36.39,train
24.3,14.6,0.6,0.7275,35.265,35.3375,35.0025,35.0,35.29,35.29,35.19,35.33,35.365,35.345,35.28,35.3925,35.045,34.9525,35.44,35.4075,34.5675,34.58,34.69,34.46,34.6575,35.5125,34.9225,35.8075,35.7575,35.805,1,0,0,1,0,0,0,0,1,0,0,0,0,36.54,train
26.0,33.2,0.7,1.255,35.81,35.755,35.2675,34.82,35.785,35.785,35.445,35.8125,35.72,35.715,35.62,35.755,35.175,35.52,35.8275,35.7975,34.3275,33.995,34.4125,34.4175,33.945,34.9275,34.9225,36.205,35.9875,36.0075,1,0,0,1,0,0,0,0,0,0,0,0,1,36.94,train
24.6,26.1,0.7,1.74,35.26,35.07,34.0625,34.3025,35.3675,35.2225,35.365,35.3925,35.145,35.075,35.1425,35.18,35.1775,34.945,35.39,35.365,34.255,34.465,34.385,33.945,34.5625,35.28,34.7975,35.695,35.675,35.695,0,0,0,1,0,0,0,0,0,1,0,0,0,36.89,train
24.2,46.8,0.78,1.1325,35.4675,35.9025,34.53,34.8825,35.49,35.415,35.4525,35.5225,35.875,35.8675,35.3175,35.9025,35.2075,34.6,35.9025,35.875,33.6475,33.9575,33.6375,33.39,33.585,34.5375,34.31,36.4,36.3125,36.3575,0,1,0,0,0,0,0,0,0,0,0,0,1,37.24,train
23.3,23.4,0.65,0.9825,35.015,35.07,34.4125,34.7075,35.07,34.995,34.92,35.1175,35.2,35.0425,35.2,35.2425,34.69,34.8825,35.3075,35.25,34.655,34.675,34.7,34.3525,34.5675,35.31,35.0325,35.52,35.325,35.36,1,1,0,0,0,0,0,0,1,0,0,0,0,36.74,train
24.4,44.4,0.57,1.275,35.0475,34.96,34.7775,34.38,35.1375,35.1375,34.85,35.1775,35.03,34.8975,35.0175,35.0675,34.79,34.7575,35.2325,35.21,34.4125,33.9575,34.4175,34.19,34.3775,35.2375,34.5875,35.695,35.375,35.395,0,1,0,0,0,0,0,0,0,1,0,0,0,36.84,train
24.0,13.3,0.6,0.88,35.355,35.4375,34.9925,35.125,35.3325,35.33,35.22,35.355,35.4225,35.4225,35.3,35.44,35.0625,35.1875,35.545,35.5175,35.205,35.1175,35.24,34.9775,35.3725,36.0925,35.55,36.1,35.415,35.435,0,1,0,0,0,0,0,0,0,0,0,0,0,36.59,train
24.4,28.1,0.6,1.1325,35.215,35.2,34.315,33.735,35.2275,35.21,35.095,35.2525,35.245,35.2125,35.18,35.26,34.87,34.9375,35.2875,35.27,34.0675,34.07,33.335,33.7725,34.44,35.095,34.7525,35.415,34.6725,34.6925,0,0,0,0,0,0,0,0,0,1,0,0,0,36.84,train
24.8,21.0,0.6,0.93,35.4475,35.645,35.1225,35.385,35.4225,35.4225,35.295,35.45,35.6425,35.6425,35.5575,35.66,35.1275,35.365,35.675,35.66,35.04,34.6825,34.92,34.8625,35.3325,35.81,35.5175,36.6125,36.57,36.6125,0,0,0,0,0,0,0,0,1,0,0,0,0,37.19,train
24.3,17.4,0.6,1.035,35.1075,35.39,34.3725,34.8875,35.22,34.9675,35.2075,35.265,35.37,35.3675,35.085,35.4075,34.8075,35.0125,35.595,35.56,34.8425,34.815,35.11,34.685,34.9325,35.5725,35.3475,35.915,35.88,35.915,0,1,0,0,0,0,0,0,1,0,0,0,0,37.09,train
22.1,13.5,0.67,0.7,35.7775,35.8425,35.21,35.48,36.0325,36.0075,35.955,36.05,35.925,35.925,35.8025,35.945,35.3725,35.535,36.065,36.045,34.6025,35.0175,34.4925,34.78,34.4675,35.435,35.1175,36.435,36.33,36.37,1,0,0,0,0,0,0,0,1,0,0,0,0,37.24,train
21.0,55.4,0.65,0.5475,35.22,35.075,34.86,34.285,35.305,35.25,35.24,35.3225,35.2375,35.07,35.21,35.2625,34.9725,34.8125,35.5025,35.475,34.15,33.96,33.7275,34.12,34.18,35.305,34.6625,35.8775,35.61,35.6225,0,0,1,0,0,0,0,0,0,1,0,0,0,37.09,train
26.8,53.7,0.6,2.1175,35.785,36.2525,35.425,35.7925,35.9075,35.84,35.905,35.9275,36.23,36.23,36.0175,36.2675,35.64,35.8025,36.2675,36.235,34.855,34.7325,34.6975,35.0125,35.0375,35.8225,35.28,36.48,36.455,36.4775,0,1,0,0,0,0,0,0,0,0,0,0,1,36.89,train
25.7,60.5,0.75,1.5025,35.605,35.72,35.245,35.4375,35.7275,35.6525,35.7125,35.76,36.055,35.775,36.055,36.1,35.3625,35.5475,36.0975,36.0525,35.34,35.33,35.4075,35.2,35.37,35.9575,35.6025,36.3275,36.1475,36.2075,0,0,0,0,0,0,0,0,1,0,0,0,0,37.09,train
25.3,49.2,0.6,1.4475,34.535,34.7125,33.2075,33.4225,34.675,34.5075,34.675,34.6975,34.95,34.8625,34.95,34.9825,34.2375,34.4025,35.085,35.0575,34.35,34.135,34.17,34.265,34.215,35.035,34.585,35.275,34.3925,34.42,0,1,0,0,0,0,0,0,1,0,0,0,0,36.24,train
24.3,17.7,0.6,0.94,35.26,35.2975,34.77,34.965,35.325,35.2525,35.3,35.3525,35.295,35.2875,35.215,35.3225,34.9325,35.1025,35.3825,35.355,33.9275,34.0425,33.9825,34.0025,34.205,35.47,34.8225,36.0975,36.07,36.0975,0,1,0,0,0,0,0,0,0,0,0,0,1,36.89,train
22.6,13.8,0.67,1.3225,35.5875,35.6725,35.0225,35.1825,35.5575,35.545,35.435,35.6025,35.6475,35.6475,35.1375,35.6775,35.265,35.035,35.6825,35.6575,34.015,33.9075,33.395,34.035,34.4,35.15,34.5675,35.7275,34.9075,34.935,1,1,0,0,0,0,0,0,0,0,1,0,0,36.59,train
24.0,27.0,0.8,0.895,35.545,35.665,34.91,35.3675,35.6025,35.475,35.57,35.64,35.64,35.64,35.0775,35.6675,35.355,35.12,35.665,35.6475,35.09,35.16,34.3975,34.67,33.8275,35.4175,35.3725,35.895,35.5875,35.6175,1,0,0,0,0,0,0,0,0,0,0,0,1,37.04,train
24.9,41.9,0.6,1.07,35.4725,35.4375,34.345,34.8,35.6666667,35.1933333,35.6666667,35.6933333,35.5433333,35.5433333,35.2266667,35.58,35.13,34.9866667,35.6933333,35.6666667,33.8766667,34.0166667,33.54,33.87,34.2466667,34.8066667,34.5433333,35.86,35.81,35.86,0,0,0,0,0,0,0,0,0,0,0,0,1,37.04,train
24.0,20.5,0.6,0.8975,34.7925,34.715,33.2575,33.12,35.0875,34.66,35.0875,35.12,35.06,34.6475,35.06,35.0875,34.6225,34.4425,35.1325,35.0975,34.0875,34.285,34.1375,33.9625,34.1575,34.905,34.445,35.1425,34.4725,34.5125,0,0,0,0,0,0,0,0,0,0,0,0,1,36.69,train
24.0,14.5,0.62,0.78,35.065,35.4275,34.59,35.06,35.135,35.0225,35.1225,35.16,35.435,35.4075,35.415,35.46,34.8425,35.2025,35.46,35.435,34.615,34.335,34.4675,34.535,34.5875,35.0475,34.84,35.5875,35.39,35.4175,1,0,0,0,0,0,0,0,0,0,0,0,1,36.49,train
23.6,21.1,0.6,0.3075,35.325,35.47,34.96,35.175,35.2975,35.29,35.265,35.33,35.445,35.445,35.305,35.47,35.2225,35.2075,35.47,35.445,34.0025,33.965,34.195,33.925,33.91,35.63,34.4875,35.8325,35.6925,35.7175,0,0,0,0,0,0,0,0,0,0,0,0,1,36.79,train
23.9,14.3,0.63,1.1325,35.22,35.26,34.7625,34.9275,35.8375,35.2,35.8375,35.9025,35.74,35.22,35.74,35.7975,35.095,35.17,35.9025,35.85,34.7075,34.855,34.965,34.81,35.025,35.555,35.4325,36.1925,35.8575,35.8875,0,1,0,0,0,0,0,0,0,0,0,1,0,37.34,train
23.2,17.2,0.6,0.455,36.175,36.1025,35.45,35.555,36.165,36.165,35.89,36.2025,36.0625,36.0625,35.5525,36.105,35.66,35.2525,36.2,36.1675,35.275,35.3025,35.045,35.125,35.355,35.8475,35.5325,36.6125,36.585,36.6125,0,0,0,0,0,0,0,0,0,0,1,0,0,37.54,train
24.2,27.1,0.6,0.9125,35.2375,35.3025,34.4225,34.7875,35.235,35.23,35.175,35.255,35.3125,35.305,35.18,35.3225,35.1425,35.0725,35.3225,35.3125,34.2325,34.8075,34.84,34.23,34.14,35.58,34.995,35.695,35.2825,35.3025,1,0,0,0,0,0,0,0,0,0,0,0,1,36.49,train
24.0,11.3,0.6,0.8825,35.0825,35.35,33.7775,34.3625,35.1025,35.085,35.06,35.12,35.32,35.32,34.915,35.36,34.525,34.5675,35.3575,35.3175,34.1375,34.6025,34.375,33.9175,34.255,34.9375,34.84,35.865,35.7675,35.8025,0,1,0,0,0,0,0,0,0,0,0,0,1,36.89,train
25.6,31.9,0.75,1.5075,36.65,36.7825,36.255,36.33,36.6175,36.6175,36.4975,36.6575,36.7225,36.7225,36.36,36.7825,36.345,36.275,36.7825,36.7325,35.7225,35.5225,35.16,35.885,35.695,36.3175,36.0725,36.9575,36.8575,36.89,1,0,0,0,0,0,0,0,0,0,0,1,0,38.09,train
24.4,31.3,0.58,1.0975,36.7525,36.705,36.2025,36.3525,36.985,36.7375,36.985,37.015,36.805,36.685,36.8025,36.8225,36.62,36.4625,37.0525,37.04,35.8375,35.7575,35.4775,35.6375,35.8325,36.53,36.155,37.1675,36.695,36.725,0,1,0,0,0,0,0,0,0,1,0,0,0,38.04,train
24.0,21.4,0.6,0.8775,35.0925,35.1775,34.2325,34.7675,35.12,35.09,35.1075,35.1425,35.1575,35.1575,35.045,35.1925,34.91,34.98,35.1975,35.175,34.31,34.7325,34.6925,34.0975,34.425,35.31,34.8725,35.885,35.8475,35.885,0,1,0,0,0,0,0,0,0,1,0,0,0,36.99,train
24.8,42.9,0.57,1.84,35.7333333,35.89,35.3266667,35.4333333,35.81,35.7466667,35.81,35.8233333,35.94,35.9333333,35.9066667,35.9633333,35.32,35.4666667,35.9633333,35.94,35.4066667,35.1966667,35.24,35.21,34.39,35.6566667,35.6566667,35.9633333,35.47,35.4933333,1,1,0,0,0,0,0,0,1,0,0,0,0,36.89,train
24.1,47.8,0.58,1.2,35.5675,35.48,35.205,35.0475,35.7833333,35.7166667,35.7833333,35.8233333,35.6433333,35.5666667,35.6233333,35.6733333,35.5733333,35.4933333,35.82,35.7833333,34.7233333,34.9333333,34.96,34.7533333,34.19,35.2633333,35.2533333,35.96,35.48,35.51,1,0,0,0,0,0,0,0,0,0,0,0,1,36.84,train
27.2,47.0,0.6,1.545,35.9,35.945,35.5475,35.6175,36.0475,35.8675,36.0475,36.09,35.9525,35.875,35.9375,36.0075,35.7525,35.8,36.1325,36.0925,35.585,35.7175,35.6525,35.435,35.63,36.2425,36.0075,36.47,36.445,36.465,0,0,0,1,0,0,0,0,1,0,0,0,0,37.29,train
23.5,15.7,0.65,0.7675,35.845,35.74,35.305,35.1175,35.8975,35.84,35.7775,35.945,35.7775,35.775,35.5725,35.7925,35.325,35.22,35.9425,35.905,34.4625,34.1675,33.98,34.2275,33.74,35.2825,34.9275,36.28,36.235,36.28,0,1,0,0,0,0,0,0,0,0,1,0,0,37.09,train
22.8,28.5,0.8,0.6775,35.9775,35.9075,35.03,35.2275,35.9375,35.9375,35.585,35.98,35.9125,35.9125,35.16,35.965,35.26,35.0675,36.0075,35.9625,33.735,34.13,33.465,33.83,33.59,34.8925,34.3075,36.2575,35.8675,35.9125,1,0,0,0,0,0,0,0,0,0,0,0,1,37.19,train
24.2,33.5,0.6,1.1875,35.0975,35.2625,34.24,34.2775,35.5,35.065,35.4575,35.5325,35.55,35.4475,35.4475,35.57,34.87,34.6025,35.585,35.56,34.32,34.255,34.32,34.3125,34.3625,35.1525,34.66,35.785,35.6625,35.6875,0,0,0,0,0,0,0,0,0,0,0,0,1,37.04,train
25.3,23.6,0.6,1.2325,37.8675,37.225,37.3375,36.735,37.8425,37.8425,37.4575,37.8675,37.2175,37.2175,36.795,37.2575,37.405,36.4475,37.8675,37.8425,35.8925,36.2225,36.14,36.065,36.24,37.0075,36.49,37.9925,37.6775,37.7225,1,0,0,0,0,0,0,0,0,1,0,0,0,39.09,train
22.0,25.4,0.85,0.5125,35.82,35.6225,34.625,34.285,35.7925,35.7725,35.47,35.82,35.595,35.565,35.4,35.6275,35.145,35.1075,35.82,35.7925,34.4575,34.6425,34.5875,34.3575,34.6625,35.3125,35.03,36.0275,35.975,36.0075,1,0,0,0,1,0,0,0,0,0,0,0,1,36.79,train
22.7,14.6,0.73,0.7225,35.395,35.18,34.5425,34.2725,35.4275,35.3725,35.3425,35.4425,35.145,35.145,34.675,35.18,35.1025,34.55,35.4425,35.4275,34.12,34.215,33.8975,34.1825,33.3875,35.1375,34.6975,36.0,35.7475,35.765,1,0,0,0,0,0,0,0,0,0,0,0,1,37.04,train
22.5,34.5,0.8,0.26,35.0925,35.2675,34.77,34.8825,35.095,35.09,34.9425,35.125,35.32,35.32,34.935,35.345,34.7175,34.6125,35.345,35.32,33.9075,32.8675,34.035,33.935,34.4875,35.4,34.8175,35.745,35.185,35.2175,0,0,0,0,0,0,0,0,1,0,0,0,0,36.64,train
24.1,28.8,0.67,0.65,34.7825,35.0525,33.58,34.5425,35.145,34.7925,35.145,35.1725,35.03,35.03,34.8275,35.0525,34.4225,34.4625,35.1725,35.1475,33.015,33.025,33.4375,33.0125,32.615,34.49,33.7375,35.8275,35.8,35.8275,1,1,0,0,0,0,0,0,0,0,0,0,1,36.59,train
23.0,10.7,0.75,0.6925,34.95,35.3275,33.6625,34.3425,35.115,34.8825,35.085,35.145,35.345,35.2925,35.1925,35.3575,34.7175,34.9625,35.3575,35.345,32.0925,32.21,32.4625,32.2275,32.125,34.43,32.65,35.62,35.195,35.2625,1,0,0,0,1,0,0,0,0,0,0,0,1,36.59,train
26.6,20.3,0.6,1.18,35.7033333,35.39,34.91,34.7,35.8433333,35.6533333,35.8433333,35.8766667,35.6366667,35.43,35.6366667,35.6533333,35.5033333,35.2333333,35.9166667,35.89,34.9533333,35.1,34.9766667,34.9133333,35.17,35.8833333,35.3666667,36.04,35.7066667,35.7466667,0,0,1,0,0,0,0,0,1,0,0,0,0,37.14,train
24.2,33.8,0.7,1.235,35.345,35.7325,34.59,35.435,35.585,35.4225,35.5775,35.6025,35.73,35.72,35.6425,35.75,34.98,35.5925,35.75,35.73,34.9725,35.0,35.0925,35.09,34.8975,35.6325,35.37,35.9,35.8775,35.8975,1,0,0,1,0,0,0,0,1,0,0,0,0,37.34,train
20.6,58.8,0.66,0.51,35.3475,35.4,34.8925,34.955,35.3475,35.31,35.29,35.3825,35.4,35.355,35.3725,35.4275,35.07,35.3075,35.4375,35.4075,34.1175,34.4275,34.275,34.1925,34.055,34.7675,34.62,35.9525,35.76,35.8075,0,1,0,0,0,0,0,0,0,0,0,0,1,37.09,train
24.6,35.0,0.76,0.86,35.4225,35.705,34.645,35.04,35.4425,35.38,35.3775,35.4925,35.66,35.655,35.265,35.715,35.21,35.25,35.715,35.66,33.8275,33.9225,33.7525,33.6975,32.545,35.1175,34.325,36.02,35.5375,35.5725,0,0,0,0,0,0,0,0,0,1,0,0,0,36.89,train
25.3,30.5,0.65,1.24,35.035,35.4,34.23,34.87,35.13,35.0275,35.0125,35.1675,35.395,35.365,35.3575,35.4325,34.5175,35.2075,35.4325,35.395,34.83,34.7925,34.99,34.65,34.5675,35.455,35.3075,36.01,35.875,35.93,0,1,0,0,0,0,0,0,0,0,0,0,1,36.84,train
24.1,17.9,0.6,0.865,35.17,35.465,34.3175,34.775,35.35,35.1075,35.315,35.4,35.495,35.405,35.4325,35.5275,34.92,35.22,35.5275,35.495,34.01,33.74,33.865,33.7675,34.11,34.8125,34.7025,35.675,35.495,35.545,0,0,0,0,0,0,0,0,0,0,0,0,1,35.54,train
21.0,55.9,0.64,0.505,35.5925,35.3,34.935,34.8125,35.56,35.56,35.19,35.5925,35.2875,35.245,35.255,35.3275,34.7325,35.0575,35.5925,35.56,34.0475,34.3275,34.125,34.0725,34.1425,34.625,34.59,35.795,35.6525,35.7,0,1,0,0,0,0,0,0,0,0,0,0,1,36.99,train
23.5,17.6,0.63,0.9575,35.4925,35.275,35.0175,34.7675,35.505,35.505,35.145,35.5325,35.2975,35.2925,35.2175,35.32,34.8825,34.66,35.5325,35.5075,34.4725,34.7825,34.6525,34.5075,34.195,35.4225,35.1925,35.7725,35.4325,35.4775,0,0,0,1,0,0,0,0,1,0,0,0,0,36.79,train
27.2,48.5,0.6,1.42,36.195,35.8675,35.7575,35.22,36.22,36.1475,35.9725,36.2425,35.8475,35.84,35.75,35.87,35.835,35.58,36.24,36.22,34.9625,34.945,34.765,34.78,35.2775,35.7325,35.3525,36.5525,36.5,36.525,0,0,0,0,0,0,0,0,0,1,0,0,0,36.89,train
25.1,21.9,0.74,1.005,35.2925,34.735,34.6925,34.3025,35.2975,35.27,35.0275,35.335,34.7925,34.7925,34.6225,34.81,34.7875,34.44,35.335,35.2925,33.9325,34.415,34.1425,33.8525,34.32,35.9275,34.9475,36.2425,36.075,36.1275,0,1,0,0,0,0,0,0,0,1,0,0,0,36.74,train
23.1,19.6,0.6,0.615,35.6625,35.495,34.8975,34.88,35.6375,35.6375,35.475,35.6675,35.51,35.51,35.31,35.5425,35.225,35.02,35.6825,35.6525,34.45,34.2825,34.485,34.01,34.3575,35.1125,34.9675,35.9425,35.6175,35.645,0,1,0,0,0,0,0,0,0,1,0,0,0,36.84,train
25.6,30.2,0.6,1.135,35.4675,35.7675,35.025,35.035,35.495,35.4575,35.4875,35.5175,35.8225,35.6825,35.7975,35.83,35.08,35.59,35.83,35.82,35.125,35.31,35.2375,34.9975,35.175,35.4875,35.4725,36.1375,36.085,36.1075,1,0,0,0,0,0,0,0,0,0,0,0,1,36.84,train
23.4,15.1,0.6,0.94,34.9775,34.985,34.2175,34.6775,35.0825,34.9575,35.0775,35.1125,35.0975,35.0975,34.85,35.1125,34.7475,34.75,35.1925,35.1725,34.415,34.165,34.3575,34.0375,34.515,35.0275,34.7075,35.565,35.4425,35.47,0,0,0,0,0,0,0,0,1,0,0,0,0,36.94,train
23.3,14.8,0.77,0.97333333,35.68,35.72,35.2166667,35.26,35.6933333,35.6733333,35.5666667,35.7266667,35.7266667,35.7233333,35.5666667,35.77,35.4966667,35.3966667,35.7966667,35.7633333,35.1133333,34.9333333,34.9,35.0,35.1,35.9833333,35.5133333,36.4966667,36.18,36.24,0,1,0,0,0,0,0,0,0,0,0,0,1,37.44,train
24.0,16.9,0.7,0.7125,35.035,34.9175,33.95,34.3525,35.3375,35.1825,35.335,35.365,35.06,35.06,34.92,35.0875,34.8575,34.745,35.56,35.5125,33.8575,34.245,34.115,34.195,34.1275,35.335,34.9025,35.735,35.4725,35.505,1,1,0,0,0,0,0,0,0,1,0,0,0,37.39,train
22.0,30.0,0.6,0.27,35.035,35.0475,34.77,34.7925,35.3125,34.995,35.3125,35.325,35.045,35.0375,34.9725,35.075,34.9025,34.8175,35.3725,35.345,34.27,33.95,33.99,34.0025,34.4425,35.2,34.57,35.9225,35.84,35.865,0,0,1,0,0,0,0,0,1,0,0,0,0,36.69,train
25.3,22.9,0.6,1.2425,34.7525,35.0075,32.595,33.965,34.825,34.7625,34.8075,34.845,34.985,34.985,34.84,35.0175,34.445,34.6325,35.015,34.9875,34.7475,34.2,34.0225,34.315,34.925,35.07,35.0275,35.5625,35.5475,35.5625,1,0,0,0,0,0,0,0,1,0,0,0,0,36.79,train
23.4,18.7,0.6,0.44,35.8775,35.565,35.1475,34.565,35.8575,35.8575,35.7225,35.8775,35.605,35.6025,35.43,35.6325,35.5425,34.7975,35.8775,35.8575,34.6425,34.5575,34.4775,34.3575,34.7325,35.25,34.9725,35.8775,34.69,34.72,0,0,0,0,1,0,0,0,0,0,0,0,1,36.59,train
23.5,18.0,0.73,0.7625,35.42,35.2975,34.145,33.91,35.39,35.39,35.2425,35.42,35.2925,35.285,35.245,35.32,34.91,34.815,35.5475,35.5125,35.11,34.85,34.855,34.715,34.2175,35.8825,35.6775,36.005,35.605,35.6275,0,0,0,0,0,0,1,0,0,0,0,0,1,37.04,train
24.2,32.9,0.7,1.29,35.22,35.29,34.5125,34.7225,35.2525,35.22,35.2425,35.2625,35.33,35.3,35.3075,35.3525,35.0775,34.99,35.35,35.33,34.5425,34.6925,34.51,34.665,32.1725,35.25,35.0925,35.415,35.1775,35.2,1,1,0,0,0,0,0,0,1,0,0,0,0,36.64,train
23.5,53.0,0.8,0.225,36.2175,36.5975,35.89,36.1775,36.215,36.205,36.13,36.24,36.58,36.58,36.395,36.5975,35.9825,36.28,36.5975,36.58,34.665,34.91,35.0875,34.8825,34.75,36.06,35.27,37.11,36.8475,36.8775,1,1,0,0,0,0,0,0,0,1,0,0,0,37.79,train
26.4,41.3,0.61,2.31,37.36,37.455,35.875,36.63,37.49,37.3125,37.49,37.51,37.4925,37.4525,37.48,37.515,37.205,37.0875,37.545,37.5175,36.165,36.3725,36.1575,36.105,36.6225,37.1125,36.87,37.7025,37.5975,37.62,0,0,0,0,0,0,0,0,0,0,0,0,1,39.64,train
23.1,28.4,0.8,0.67,36.1175,35.9625,35.06,34.87,36.1475,36.0875,35.9675,36.18,35.9725,35.9575,35.7025,35.99,35.75,35.435,36.18,36.1475,34.495,34.2125,34.3125,34.47,34.51,35.105,35.0225,36.34,35.7725,35.83,1,0,0,0,0,0,0,0,0,0,0,0,1,37.04,train
25.3,33.3,0.6,1.1175,35.4,35.4975,34.835,35.1275,35.405,35.38,35.35,35.4375,35.47,35.465,35.3675,35.51,35.2225,35.315,35.515,35.475,35.2625,35.2725,35.2375,35.09,35.245,35.5925,35.4175,35.7675,35.63,35.65,1,0,0,0,0,0,0,0,0,1,0,0,0,36.89,train
21.0,57.9,0.71,0.5725,34.875,35.2125,33.87,34.1775,34.99,34.81,34.9775,35.01,35.2425,35.175,35.2225,35.2675,34.7775,35.0525,35.2675,35.2425,34.1475,34.1225,34.22,33.9125,34.165,34.9225,34.6425,35.825,35.73,35.755,0,0,0,0,1,0,0,0,0,0,1,0,0,36.94,train
24.7,36.9,0.74,0.96,35.7933333,35.8533333,35.4766667,35.5933333,35.7666667,35.7633333,35.7033333,35.7933333,35.83,35.83,35.6966667,35.8533333,35.5833333,35.5133333,35.8533333,35.83,34.7833333,34.8166667,34.9233333,35.1066667,35.08,35.8233333,35.43,36.02,35.9166667,35.9333333,1,1,0,0,0,0,0,0,0,1,0,0,0,37.04,train
25.0,49.6,0.6,1.0825,35.495,35.525,35.3225,35.2925,35.575,35.5,35.5725,35.595,35.565,35.5075,35.5625,35.59,35.41,35.3475,35.6725,35.6375,34.8,34.885,34.8575,34.805,35.0875,35.715,35.4175,36.0425,35.895,35.9275,0,1,0,0,0,0,0,0,1,0,0,0,0,37.14,train
22.7,14.3,0.67,0.82,35.635,35.7725,33.7925,33.61,35.935,35.5175,35.935,35.9725,35.795,35.7575,35.7625,35.83,35.355,35.16,35.9975,35.965,34.755,34.845,34.4475,34.3175,34.715,35.38,35.345,36.1975,35.8575,35.905,0,0,0,0,1,0,0,0,0,0,0,0,1,37.09,train
26.3,55.2,0.6,-0.2025,35.975,36.0575,35.5275,35.7,36.3675,36.0225,36.3375,36.4025,36.2475,36.2,36.205,36.2775,35.79,35.7875,36.4025,36.3725,34.6475,34.6375,34.4675,34.73,34.865,35.89,35.12,36.56,36.235,36.2725,1,1,0,0,0,0,0,0,1,0,0,0,0,37.94,train
23.7,33.7,0.6,0.415,35.64,35.7925,35.1575,35.395,35.6425,35.6175,35.6175,35.66,35.8475,35.785,35.81,35.8875,35.5225,35.6575,35.8875,35.8475,34.605,34.6275,34.725,34.5925,34.935,35.1825,35.0675,36.22,36.1775,36.195,0,0,0,0,0,0,0,0,0,0,0,0,1,37.09,train
23.5,13.8,0.64,0.8,35.0925,35.59,33.0525,34.8,35.49,35.07,35.49,35.5325,35.665,35.5775,35.6425,35.6875,34.735,35.0975,35.6875,35.665,34.8125,34.8825,34.835,34.5525,34.77,35.69,35.215,35.7725,35.6325,35.6725,1,0,0,0,0,0,0,0,0,0,0,0,1,36.84,train
23.6,44.9,0.63,1.0425,35.6775,35.685,35.1075,35.2175,35.6725,35.6725,35.3775,35.705,35.6725,35.6725,35.465,35.6925,35.37,35.36,35.745,35.715,34.4475,34.48,34.615,34.42,34.6275,35.205,34.805,35.7925,35.2375,35.3075,0,1,0,0,0,0,0,0,0,0,0,0,1,37.14,train
24.3,28.5,0.6,1.2525,35.7725,36.145,35.035,35.225,35.8125,35.7425,35.7975,35.8325,36.1275,36.1075,36.1025,36.145,35.2425,35.85,36.145,36.1275,35.025,34.9725,35.3775,35.015,32.84,35.5,35.5,36.4025,36.3275,36.3575,1,1,0,0,0,0,0,0,0,0,0,0,1,36.99,train
24.0,19.8,0.7,0.935,35.665,35.5125,35.1225,34.98,35.69,35.69,35.2325,35.7025,35.4925,35.4925,35.3375,35.5125,35.0,35.225,35.7025,35.6875,34.23,33.8375,33.9375,33.8625,34.125,34.965,34.5,35.925,35.675,35.705,0,0,0,0,0,0,0,0,0,0,1,0,0,36.89,train
24.2,28.6,0.6,0.9925,36.145,36.24,35.785,35.77,36.15,36.1325,36.1325,36.17,36.23,36.23,36.0575,36.2575,35.905,35.7925,36.2575,36.2325,35.0725,35.035,35.1575,34.84,35.115,35.72,35.51,36.4525,36.4275,36.4525,1,1,0,0,0,0,0,0,0,0,1,0,0,37.79,train
24.9,32.1,0.73,1.1275,35.6475,35.47,35.125,35.055,35.6025,35.6025,35.4,35.6475,35.49,35.49,35.1225,35.525,35.2425,34.9975,35.6475,35.6025,34.7625,34.63,35.0675,34.63,34.905,35.53,35.1125,36.095,35.68,35.7225,0,1,0,0,0,0,0,0,0,1,0,0,0,36.89,train
24.0,22.9,0.6,1.2,35.3675,35.19,34.8925,34.6125,35.3725,35.3725,35.17,35.4025,35.215,35.215,35.035,35.25,35.085,34.94,35.4,35.3725,34.5875,34.265,34.5025,34.8,34.54,35.1875,34.9425,35.685,35.53,35.565,0,1,0,0,0,0,0,0,0,0,0,0,1,36.94,train
23.2,32.3,0.61,1.01,34.8325,34.77,34.4325,34.4575,34.9525,34.7725,34.75,34.9825,34.7675,34.7675,34.425,34.79,34.51,34.2575,34.9825,34.9525,33.805,33.905,34.02,33.695,33.9775,34.97,34.43,35.445,35.0075,35.0325,0,0,0,1,0,0,0,0,1,0,0,0,0,36.59,train
24.3,27.3,0.6,0.9575,34.67,35.14,31.77,33.4325,35.2075,34.5375,35.2075,35.24,35.2125,35.1925,35.1725,35.2425,34.2375,34.7175,35.3275,35.295,33.2775,33.73,34.0475,33.235,33.4,34.7075,34.3325,35.4875,35.1075,35.1375,0,0,0,0,0,0,1,0,0,0,0,0,1,36.09,train
24.0,28.7,0.6,1.805,35.0325,35.235,34.505,34.8375,35.29,35.04,35.29,35.3225,35.2375,35.2,35.2125,35.26,34.9225,35.1125,35.3225,35.2925,34.7025,34.635,34.895,34.685,34.8525,35.1825,35.075,35.505,35.3,35.3225,1,0,0,0,0,0,0,0,1,0,0,0,0,36.94,train
23.9,49.0,0.6,0.9775,35.1825,35.5025,34.065,34.8125,35.2675,35.13,35.2625,35.305,35.4875,35.4875,35.41,35.505,35.0275,35.195,35.505,35.4875,34.195,34.19,34.3075,34.195,34.2825,34.995,34.6775,35.9375,35.7075,35.7225,0,0,0,0,0,0,0,0,0,0,0,0,1,36.89,train
25.7,50.8,0.6,1.4675,35.9825,35.7575,35.4275,35.1975,35.97,35.95,35.8625,36.0075,35.825,35.8,35.8,35.84,35.7625,35.51,36.0075,35.9725,35.31,35.2175,35.22,35.2075,35.07,35.765,35.5525,36.5,36.4525,36.49,0,1,0,0,0,0,0,0,0,0,0,0,1,37.19,train
24.6,24.8,0.7,1.1475,35.37,35.38,35.055,35.0325,35.3775,35.35,35.2775,35.415,35.3875,35.385,35.1925,35.4075,35.1975,34.95,35.5125,35.4925,34.99,34.9275,34.885,34.9575,35.0775,35.6775,35.335,35.895,35.84,35.865,0,0,0,0,0,0,0,0,1,0,0,0,0,36.89,train
23.8,17.0,0.65,0.865,35.9775,35.8125,34.28,34.7725,36.1175,35.98,36.1175,36.15,35.86,35.8575,35.7425,35.8825,35.4225,35.3175,36.15,36.1175,34.58,34.94,35.045,34.5025,34.675,35.3,35.2875,36.2425,35.9175,35.945,1,0,0,0,1,0,0,0,0,1,0,0,0,36.89,train
22.1,37.0,0.7,0.5225,34.855,34.8025,34.4,34.3475,34.9075,34.8875,34.75,34.9525,34.77,34.76,34.4375,34.805,34.5675,34.405,35.0,34.9675,33.68,33.98,33.5275,33.545,33.71,35.155,34.2625,36.0075,35.9775,36.0075,0,0,0,0,1,0,0,0,1,0,0,0,0,37.04,train
22.2,21.2,0.6,0.555,35.5175,35.4075,34.685,34.78,35.505,35.47,35.135,35.5375,35.3825,35.3825,35.1,35.4175,34.9625,34.9175,35.5375,35.505,33.445,33.71,34.135,33.6425,33.575,34.8525,34.37,35.8825,35.64,35.7,1,1,0,0,0,0,0,0,0,1,0,0,0,36.89,train
26.5,42.1,0.7,1.95,35.3575,35.6425,34.68,35.0725,35.5425,35.3475,35.54,35.565,35.635,35.6325,35.4725,35.6475,35.135,35.3425,35.6475,35.6325,34.2325,34.695,34.76,34.2975,34.2,35.2375,35.065,36.0225,35.96,35.995,0,0,0,0,0,0,0,0,0,0,0,0,1,36.84,train
24.8,21.0,0.6,1.085,36.4,36.565,35.7275,36.1675,36.4175,36.375,36.3875,36.45,36.525,36.525,36.42,36.565,36.1675,36.29,36.565,36.5275,35.7225,35.785,35.98,35.4475,35.9225,36.265,36.155,36.565,36.2225,36.2425,1,0,0,0,0,0,0,0,0,0,0,0,1,37.59,train
24.0,19.6,0.6,1.1,34.9733333,34.9433333,34.55,34.53,35.0066667,35.0066667,34.67,35.0266667,34.9366667,34.9366667,34.63,34.9733333,34.4166667,34.4733333,35.0433333,35.0233333,33.6766667,33.7033333,34.0466667,33.67,33.2,34.6366667,34.4033333,35.4,35.24,35.2566667,1,1,0,0,0,0,0,0,0,1,0,0,0,36.79,train
24.6,59.1,0.7,1.165,35.6275,35.925,35.0025,35.5525,35.645,35.585,35.59,35.69,35.905,35.905,35.5625,35.935,35.5075,35.3725,35.935,35.905,33.955,34.3425,34.2575,34.165,33.5775,35.0425,34.8175,36.0125,35.57,35.615,1,0,0,0,0,0,0,0,0,1,0,0,0,36.44,train
24.0,22.9,0.6,1.2575,35.425,35.36,34.96,34.895,35.53,35.53,35.3025,35.56,35.4725,35.355,35.3825,35.5125,35.0475,35.17,35.58,35.5475,34.6375,34.97,34.8425,34.4925,35.0925,35.785,35.415,35.8175,35.4075,35.445,0,0,0,0,0,0,0,0,0,0,0,0,1,36.94,train
23.0,29.5,0.6,0.345,35.645,35.4275,34.7975,34.7775,35.81,35.5775,35.755,35.8225,35.415,35.405,35.2775,35.4425,35.4925,34.825,35.8375,35.82,34.24,34.18,33.905,34.3675,34.0275,35.1875,34.58,36.23,36.215,36.23,1,0,0,0,0,0,0,0,0,0,0,0,1,37.14,train
24.4,23.2,0.6,1.1675,35.24,35.68,33.625,34.305,35.685,35.4225,35.685,35.705,35.7175,35.7125,35.63,35.7425,34.9575,35.145,35.7625,35.7325,35.2375,35.1775,35.3,35.1425,35.0225,35.57,35.57,36.0,35.79,35.8075,0,1,0,0,0,0,0,0,0,0,0,0,1,36.89,train
24.3,34.1,0.7,1.285,35.705,35.43,34.375,34.4675,35.6975,35.6925,35.5625,35.71,35.5475,35.5125,35.485,35.5825,35.4325,35.1725,35.71,35.6975,35.055,35.165,35.245,35.02,35.1875,35.65,35.5025,35.7375,35.41,35.4275,0,0,0,0,0,0,0,0,0,1,0,0,0,36.94,train
22.9,14.0,0.65,0.6025,35.5375,34.7875,34.8225,34.23,35.51,35.51,34.85,35.5375,34.76,34.76,34.485,34.79,34.825,34.36,35.5375,35.51,33.1925,33.1475,33.9275,33.6725,33.215,34.625,34.215,35.57,35.4,35.4275,1,1,0,0,0,0,0,0,0,0,0,0,1,36.14,train
25.1,24.6,0.6,1.2,35.92,36.0275,35.38,35.43,36.015,35.8375,36.0075,36.0775,36.045,35.9925,36.035,36.0875,35.5475,35.7025,36.1675,36.105,35.41,35.2725,35.27,35.26,35.48,35.9475,35.815,36.285,35.6325,35.6475,1,1,0,0,0,0,0,0,1,0,0,0,0,37.19,train
20.3,57.6,0.8,0.3575,33.9175,34.53,32.6925,33.4425,34.4425,33.825,34.4425,34.5025,34.55,34.5175,34.445,34.5775,33.6925,34.26,34.65,34.6175,32.98,32.845,32.89,33.045,33.45,34.4575,33.82,35.3025,35.2675,35.3025,0,0,0,0,0,0,1,0,0,0,0,1,0,36.44,train
24.0,26.0,0.8,0.78,34.55,34.52,33.93,34.225,34.71,34.6325,34.64,34.7425,34.56,34.5375,34.35,34.575,34.3225,34.24,34.74,34.715,34.0325,34.055,33.6775,33.97,34.0025,34.6825,34.66,35.175,35.0925,35.1075,0,0,0,0,1,0,0,0,0,1,0,0,0,37.19,train
24.4,34.8,0.58,1.155,35.975,35.915,35.43,35.495,35.96,35.9575,35.875,35.975,35.9725,35.8675,35.91,36.005,35.72,35.6975,36.0275,36.005,34.4475,34.4575,34.9875,34.8275,34.8925,35.37,35.2475,36.26,36.1875,36.235,0,0,0,0,0,0,0,0,0,0,0,0,1,37.14,train
26.6,29.3,0.7,1.4075,35.17,35.1025,33.805,33.925,35.4825,35.02,35.4825,35.51,35.3575,35.04,35.3575,35.39,34.9675,34.97,35.52,35.4825,33.32,33.245,33.205,32.985,33.845,34.48,34.2525,35.785,35.475,35.4925,1,0,0,0,0,0,0,0,0,1,0,0,0,37.04,train
26.2,23.6,0.6,0.98,35.3125,35.3725,35.0475,35.03,35.33,35.3275,35.1675,35.35,35.5125,35.4075,35.485,35.5325,34.98,35.2175,35.5325,35.5125,35.1625,35.07,35.35,35.015,35.095,35.48,35.4225,35.5325,35.0675,35.1,0,0,0,0,0,0,0,0,0,1,0,0,0,36.64,train
24.2,18.1,0.65,0.71,35.6775,35.355,35.1775,35.01,35.6375,35.6375,35.365,35.6775,35.3125,35.2975,35.175,35.355,35.245,35.1575,35.6775,35.635,34.5575,34.71,34.505,34.4375,34.255,35.6375,35.045,35.86,35.61,35.6325,0,1,0,0,0,0,0,0,0,0,0,0,1,37.19,train
24.0,34.6,0.69,0.9075,35.6225,35.575,35.0125,35.0,35.6175,35.615,35.565,35.6275,35.5825,35.5825,35.525,35.6075,35.45,35.4275,35.67,35.6525,34.5675,34.6425,34.645,34.5475,34.995,35.305,35.215,35.9,35.7525,35.7875,0,0,0,0,0,0,0,0,0,0,0,0,1,36.64,train
22.1,13.2,0.67,0.6375,34.445,34.4375,33.675,33.43,34.59,34.4275,34.5475,34.6275,34.6475,34.4125,34.6325,34.6825,34.18,34.27,34.6825,34.6525,33.38,32.8775,33.09,32.9375,33.3725,34.4525,33.755,34.9525,34.785,34.83,0,0,0,0,0,0,0,0,0,0,0,0,1,36.19,train
23.2,28.4,0.8,0.8025,34.8925,34.9675,34.0425,34.41,34.875,34.875,34.76,34.8925,34.9375,34.9375,34.725,34.9675,34.6175,34.555,34.9675,34.945,33.275,33.9525,33.89,33.5575,33.3825,35.065,34.1175,35.4325,35.4025,35.4325,1,0,0,1,0,0,0,0,0,1,0,0,0,36.74,train
24.0,27.8,0.7,1.1275,35.07,35.0275,34.4275,34.2575,35.135,35.1325,35.0525,35.15,35.0875,35.0175,35.08,35.1375,34.65,34.89,35.2875,35.27,34.6625,34.5925,35.2525,34.6225,35.1025,35.5425,35.5425,35.7,35.2225,35.235,0,0,0,0,0,0,0,0,1,0,0,0,0,36.64,train
28.2,48.6,0.6,1.7225,36.11,36.275,35.62,35.9625,36.0925,36.09,36.0425,36.1125,36.2575,36.2525,36.195,36.2775,35.765,36.0,36.275,36.2575,35.63,35.5475,35.5575,35.5575,34.5,35.96,35.9425,36.3175,36.0825,36.12,1,0,0,0,0,0,0,0,0,0,0,0,1,36.89,train
26.5,28.3,0.6,1.445,35.775,35.59,35.39,35.3225,35.8225,35.7625,35.81,35.835,35.64,35.565,35.6225,35.67,35.695,35.3675,35.8425,35.8275,35.2575,35.4325,35.2525,35.1125,35.2575,35.7775,35.7175,36.125,36.0825,36.1125,0,0,0,0,0,0,0,0,0,1,0,0,0,36.69,train
24.3,50.4,0.6,1.1275,35.1,35.1,34.2025,34.645,35.2175,35.1,35.21,35.23,35.1675,35.1075,35.0875,35.185,34.95,34.895,35.2375,35.225,35.03,34.835,34.9275,34.7425,35.125,35.87,35.28,35.9175,35.6325,35.66,0,1,0,0,0,0,0,0,1,0,0,0,0,37.19,train
22.7,53.4,0.72,1.3075,34.8825,35.3025,34.3725,34.84,35.005,35.005,34.7825,35.0275,35.29,35.29,34.9925,35.3225,34.655,34.78,35.3225,35.29,34.3375,34.61,34.3625,34.4075,33.89,35.165,34.7925,35.76,35.69,35.73,1,0,0,1,0,0,0,0,0,1,0,0,0,37.14,train
25.5,35.0,0.6,1.2375,35.7875,35.3825,35.3,34.685,35.775,35.775,35.505,35.7875,35.32,35.3125,34.855,35.3825,35.4075,34.6725,35.7875,35.775,33.9825,34.29,34.04,33.955,33.9625,34.82,34.6525,36.005,35.65,35.685,1,1,0,0,0,0,0,0,0,1,0,0,0,36.94,train
23.3,44.1,0.63,0.7625,35.7325,36.03,35.0125,35.1775,35.805,35.66,35.69,35.8425,36.0075,36.0075,35.62,36.035,35.5325,35.3675,36.035,36.0075,34.3575,34.5625,34.62,34.4325,34.35,35.6825,35.0875,36.365,36.1425,36.17,1,0,0,1,0,0,0,0,0,0,0,0,1,36.84,train
24.3,19.0,0.6,0.94,33.8975,34.6275,33.3625,33.9875,34.0,33.85,34.0,34.0475,34.605,34.5375,34.4175,34.665,33.6175,34.4025,34.665,34.605,34.065,33.1575,33.98,33.4475,34.485,35.0425,34.695,35.5975,35.5675,35.5975,1,0,0,0,0,0,0,0,1,0,0,0,0,36.89,train
24.9,24.8,0.6,1.135,35.445,35.6125,33.8675,34.4875,35.465,35.41,35.435,35.5,35.635,35.5575,35.47,35.6775,35.2025,35.295,35.6775,35.635,34.8625,35.05,34.99,34.605,34.465,35.4925,35.285,36.0875,36.0325,36.0875,1,0,0,0,1,0,0,0,1,0,0,0,0,36.89,train
22.0,26.2,0.73,0.7125,34.91,35.0175,33.8575,34.255,34.895,34.8925,34.7325,34.91,35.0,35.0,34.6125,35.0575,34.5575,34.475,35.0575,35.0,33.5025,33.6425,33.7225,33.6625,33.645,35.5525,34.195,35.7275,34.76,34.7775,0,1,0,0,0,0,0,0,0,1,0,0,0,37.09,train
24.0,27.8,0.7,1.155,35.0775,34.945,34.4025,34.3275,35.1,35.0525,35.095,35.11,34.925,34.9225,34.8,34.945,34.9625,34.71,35.11,35.0975,34.3725,34.1275,34.0275,34.4725,34.675,35.2225,34.8525,36.07,36.0325,36.07,0,0,0,0,0,0,0,0,0,0,0,0,1,37.09,train
24.5,47.2,0.73,1.1475,35.4925,35.56,34.8575,35.2075,35.485,35.4525,35.37,35.5425,35.64,35.6325,35.4525,35.6575,35.14,35.1775,35.6575,35.64,34.4025,34.505,34.4825,34.1875,34.615,35.3175,34.8875,36.075,35.9475,36.0175,0,0,0,0,0,0,0,0,1,0,0,0,0,36.89,train
23.0,14.0,0.8,0.4325,35.3775,35.6825,34.5275,34.57,35.35,35.35,35.1725,35.38,35.675,35.6675,35.58,35.69,34.8675,35.0425,35.69,35.6725,34.335,34.555,34.5325,34.27,34.35,35.54,35.14,36.16,36.0225,36.055,0,0,0,0,0,0,0,0,0,0,0,0,1,37.19,train
23.9,42.6,0.65,0.965,35.29,35.6025,34.31,34.7325,35.35,35.2675,35.3375,35.375,35.5825,35.555,35.4625,35.6125,35.1475,35.295,35.6125,35.5825,34.5775,34.645,34.5075,34.325,34.9525,35.44,35.1375,35.825,35.4,35.4325,1,0,0,0,0,0,0,0,0,0,0,0,1,36.74,train
23.7,16.0,0.6,0.865,35.2375,35.1575,34.8875,34.6825,35.22,35.21,35.15,35.25,35.125,35.09,34.9725,35.17,35.1075,34.9425,35.265,35.23,33.9875,34.1275,34.1725,33.895,34.23,34.61,34.47,36.0225,36.0025,36.0225,0,0,0,1,0,0,0,0,0,0,0,0,1,37.04,train
21.5,56.8,0.68,0.7875,35.3825,35.27,34.8425,34.6275,35.425,35.315,35.405,35.465,35.23,35.2025,35.135,35.28,35.1825,35.025,35.465,35.425,33.405,33.44,32.975,33.4625,33.6675,34.7075,33.96,36.2275,36.19,36.2275,1,1,0,0,0,0,0,0,1,0,0,0,0,37.24,train
22.4,37.0,0.6,1.0525,34.7925,34.615,34.445,34.33,34.84,34.84,34.445,34.855,34.7225,34.6975,34.5075,34.755,34.24,34.4075,35.0775,35.045,33.69,33.6775,33.0275,33.715,33.175,34.7925,34.4375,35.5875,35.5325,35.5575,0,0,0,0,0,0,0,0,1,0,0,0,0,36.64,train
22.8,57.2,0.67,-0.07,34.0025,34.375,32.675,33.5225,33.985,33.98,33.9325,34.0025,34.35,34.35,34.0275,34.3775,33.7225,33.9625,34.375,34.3525,31.05,31.53,31.995,31.28,31.15,33.565,32.64,34.9825,34.4275,34.47,0,0,0,0,0,0,0,0,1,0,0,0,0,36.44,train
23.9,35.2,0.56,-0.1825,35.1575,35.065,34.0775,34.3525,35.2025,35.2025,35.0025,35.22,35.1825,35.1825,34.9025,35.2025,34.38,34.62,35.28,35.2525,34.115,34.3625,34.35,34.1225,34.0775,35.3425,34.63,35.975,35.895,35.945,0,1,0,0,0,0,0,0,0,0,0,0,1,37.09,train
25.4,51.1,0.6,1.05,35.7025,35.995,34.8075,35.3025,35.7275,35.665,35.6975,35.775,35.9725,35.9725,35.66,35.995,35.31,35.495,35.995,35.9725,34.6125,34.24,34.7475,34.465,34.4975,35.0625,35.0625,36.165,36.0075,36.03,0,0,0,0,0,0,0,0,0,0,0,0,1,37.19,train
24.2,21.6,0.6,1.1575,35.3975,35.5075,34.71,34.86,35.4125,35.4,35.2625,35.435,35.505,35.4875,35.445,35.52,35.015,35.2675,35.52,35.505,34.5225,33.9425,34.31,34.2975,34.7725,35.0125,34.9175,35.6975,34.7875,34.81,0,0,0,0,0,0,0,0,0,1,0,0,0,36.69,train
24.6,24.9,0.7,1.1425,35.8125,35.8,35.2675,35.395,35.84,35.76,35.6975,35.8575,35.77,35.77,35.6625,35.8,35.555,35.6025,35.8575,35.84,35.075,35.1175,35.15,35.0875,35.33,35.905,35.535,35.915,35.585,35.62,0,0,0,0,0,0,0,0,0,0,0,0,1,36.94,train
24.2,22.7,0.6,0.89,35.1733333,34.86,33.8066667,34.3166667,35.2666667,35.1466667,35.25,35.29,34.85,34.85,34.4966667,34.8766667,34.85,34.41,35.2866667,35.2666667,33.57,33.6333333,33.6566667,33.8133333,34.05,35.1333333,34.59,35.9566667,35.9066667,35.9566667,1,1,0,0,0,0,0,0,0,0,0,0,1,36.94,train
25.5,31.6,0.7,1.055,34.87,35.1375,33.34,34.17,35.385,34.7825,35.385,35.4175,35.1325,35.125,34.6425,35.1575,34.6925,34.615,35.545,35.5,34.3375,33.8625,33.8375,34.1575,34.27,35.1525,34.8325,35.765,35.13,35.16,0,0,0,0,0,0,0,0,0,0,0,0,1,37.24,train
28.0,47.0,0.6,1.5925,36.455,36.3575,35.8825,35.8475,36.4375,36.4375,36.3375,36.4675,36.355,36.335,36.2975,36.395,36.08,35.995,36.47,36.4425,35.73,35.685,35.7775,35.565,35.6675,36.27,35.9775,36.82,36.715,36.74,0,0,0,0,0,0,0,0,0,0,0,0,1,37.34,train
23.8,23.8,0.6,1.06333333,36.16,35.73,35.3133333,35.1233333,36.2233333,36.1466667,36.22,36.2466667,35.7833333,35.7466667,35.78,35.8133333,35.98,35.34,36.2466667,36.2233333,34.7933333,34.78,34.8133333,34.79,34.0033333,35.2633333,35.1966667,36.4533333,36.0066667,36.04,1,0,0,0,0,0,0,0,0,0,0,1,0,37.64,train
24.9,57.0,0.73,1.5125,35.7975,35.8225,35.3475,35.4225,35.7775,35.7725,35.6025,35.8,35.795,35.795,35.6625,35.8225,35.4725,35.395,35.8225,35.805,34.7575,34.7375,34.485,34.5275,34.7325,35.165,35.065,35.8425,35.47,35.4875,0,1,0,0,0,0,0,0,0,0,0,0,1,37.04,train
25.6,25.3,0.7,1.3875,35.6225,35.3925,35.225,34.86,35.605,35.605,35.36,35.64,35.415,35.415,35.23,35.4325,35.2525,34.9475,35.6375,35.605,34.77,34.79,34.63,34.59,34.84,35.15,34.9925,35.8725,35.82,35.86,1,1,0,0,0,0,0,0,1,0,0,0,0,36.84,train
24.0,26.3,0.6,0.755,35.8375,35.8325,35.345,35.24,35.9725,35.8725,35.9675,35.9925,35.795,35.7925,35.5775,35.8325,35.3375,35.135,35.9875,35.97,34.505,34.82,34.5225,34.555,34.7275,35.1425,35.015,36.2625,36.1275,36.1525,0,0,0,0,0,0,0,0,0,0,1,0,0,37.04,train
26.2,23.6,0.6,1.03,35.2025,35.3325,34.735,34.995,35.1975,35.1825,35.115,35.225,35.31,35.31,35.2175,35.3325,34.98,35.165,35.3325,35.31,34.335,34.5925,34.47,34.3425,34.5075,35.565,34.76,35.6425,35.1875,35.1975,0,0,0,0,0,0,0,0,1,0,0,0,0,36.94,train
24.2,18.7,0.6,0.64,35.2625,35.35,34.9325,34.97,35.2975,35.2925,35.1725,35.3325,35.32,35.32,34.9725,35.35,34.9575,34.8925,35.4175,35.395,34.675,34.7925,34.67,34.5625,34.765,35.5425,35.1975,35.9175,35.875,35.9175,0,1,0,0,0,0,0,0,1,0,0,0,0,37.09,train
24.2,14.5,0.6,0.9,36.5933333,36.1633333,35.6966667,35.29,36.8633333,36.6066667,36.8633333,36.8833333,36.3533333,36.28,36.3233333,36.37,36.35,35.7066667,36.8833333,36.8633333,33.6733333,34.5033333,32.8133333,33.5966667,33.4033333,34.9233333,34.7433333,37.15,36.9266667,36.9433333,1,0,0,0,0,0,0,0,0,0,0,0,1,38.29,train
28.2,28.5,0.7,1.4925,35.565,35.645,35.14,35.2725,35.62,35.61,35.57,35.6475,35.7475,35.73,35.635,35.78,35.38,35.3175,36.085,35.98,34.9425,34.865,34.78,34.985,34.53,35.5,35.4025,36.1025,35.9375,35.96,1,0,0,0,0,0,0,0,0,1,0,0,0,36.34,train
23.5,17.0,0.75,0.77,35.5075,35.98,34.785,35.3375,35.4775,35.4725,35.2575,35.5075,35.9275,35.9275,35.4075,35.98,35.13,35.27,35.98,35.9275,34.1025,33.7925,34.37,34.0925,34.4725,35.205,34.72,36.02,35.5475,35.6125,0,1,0,0,0,0,0,0,0,0,0,0,1,36.99,train
25.5,49.0,0.6,1.2825,35.4925,35.2825,35.015,34.7575,35.49,35.4725,35.455,35.51,35.3325,35.3325,35.1675,35.355,35.2375,34.77,35.51,35.49,34.6775,34.53,34.3475,34.4125,34.9475,35.5075,35.13,35.875,35.8425,35.875,0,0,0,0,0,0,0,0,0,0,0,0,1,36.59,train
24.0,20.1,0.6,1.145,36.925,36.45,36.53,36.1775,36.9225,36.9225,36.755,36.9475,36.4325,36.43,36.2375,36.45,36.72,36.155,36.9475,36.9225,35.635,35.5825,35.1475,35.5025,35.705,36.0475,35.8775,36.9475,36.065,36.08,1,0,0,0,0,0,0,0,0,0,0,0,1,38.09,train
25.7,30.2,0.6,1.215,36.02,36.17,35.1675,35.86,36.0025,35.9875,35.9625,36.02,36.1725,36.17,36.065,36.185,35.8825,35.9225,36.255,36.23,35.58,35.515,35.7675,35.3275,35.7025,36.155,35.9675,36.5,36.0825,36.0975,1,1,0,0,0,0,0,0,1,0,0,0,0,37.74,train
24.0,13.1,0.6,1.3775,35.455,35.22,34.7225,34.825,35.465,35.4,35.3575,35.5,35.2,35.1975,35.0675,35.2225,35.2225,34.9025,35.5,35.465,34.6275,34.4125,34.1075,34.51,34.505,35.0475,35.0475,35.5525,35.2,35.21,1,1,0,0,0,0,0,0,1,0,0,0,0,36.79,train
25.9,54.8,0.6,1.135,35.8025,35.8125,35.3,35.205,35.8325,35.82,35.605,35.86,35.785,35.7825,35.6325,35.8325,35.36,35.465,35.865,35.8425,34.2175,34.055,33.99,34.015,34.595,35.2575,34.9375,36.085,35.9625,36.0025,1,0,0,0,0,0,0,0,0,1,0,0,0,36.94,train
23.2,36.7,0.6,0.7525,35.335,35.4225,34.405,33.8225,35.3975,35.3275,35.3775,35.415,35.4475,35.39,35.425,35.4925,35.005,35.3225,35.5025,35.46,34.43,34.2525,34.4175,34.24,34.5175,35.6025,34.7975,35.845,35.7175,35.745,0,0,0,0,1,0,0,0,0,0,0,0,1,37.09,train
25.7,30.2,0.6,1.0075,36.6125,35.9975,36.095,35.62,36.5975,36.5675,36.5225,36.6175,36.0425,36.0325,36.0125,36.0625,36.4425,35.715,36.6175,36.5925,35.66,35.4625,35.62,35.6125,35.7,36.0,35.835,36.69,36.1525,36.1725,1,0,0,0,0,0,0,0,1,0,0,0,0,37.49,train
26.1,24.3,0.6,0.89333333,36.8733333,36.4266667,36.39,35.9166667,36.9133333,36.8466667,36.9133333,36.9433333,36.52,36.4566667,36.52,36.5366667,36.7433333,36.1066667,36.94,36.9133333,36.2933333,36.12,35.73,36.22,36.4733333,36.89,36.56,36.9433333,36.3233333,36.3433333,1,0,0,0,0,0,0,0,0,0,0,0,1,37.94,train
24.1,13.5,0.6,0.9525,34.9275,35.315,33.175,33.8675,35.2075,35.1375,35.2075,35.23,35.455,35.42,35.4275,35.4775,34.3675,34.7875,35.4775,35.455,33.985,34.2925,34.1975,33.8625,34.1375,35.6375,34.465,35.9775,35.7725,35.805,0,0,0,0,0,0,0,0,0,1,0,0,0,36.99,train
24.0,24.6,0.6,1.0725,36.54,36.5475,35.1925,35.405,36.5625,36.4925,36.54,36.585,36.5575,36.5175,36.515,36.5775,36.275,36.215,36.61,36.595,35.4375,35.495,35.4025,35.475,35.3875,35.9,35.8125,36.81,36.2925,36.32,0,1,0,0,0,0,0,0,1,0,0,0,0,37.74,train
23.7,31.3,0.75,0.92666667,35.24,35.2566667,34.77,34.87,35.23,35.23,34.96,35.26,35.33,35.33,34.9833333,35.3433333,34.72,34.77,35.3433333,35.33,34.6333333,34.0033333,34.27,34.4166667,34.63,35.0,34.8633333,35.7966667,35.7666667,35.7966667,0,1,0,0,0,0,0,0,0,0,1,0,0,36.99,train
23.0,22.4,0.8,0.945,35.7,35.8525,35.1725,35.245,35.6925,35.675,35.3825,35.7175,35.82,35.82,35.535,35.86,35.2,35.2725,35.8575,35.8225,35.15,35.0625,35.24,35.2025,34.77,35.595,35.505,36.0625,35.7675,35.7925,1,0,0,0,0,0,0,0,0,0,0,0,1,37.04,train
23.0,44.0,0.63,0.435,35.425,35.375,34.8725,34.5375,35.5025,35.425,35.4075,35.5275,35.38,35.3725,35.3025,35.3925,35.1625,34.965,35.5275,35.51,34.0275,34.1675,34.075,33.855,34.37,35.1225,34.7475,35.995,35.92,35.94,0,0,0,0,1,0,0,0,0,0,0,0,1,36.99,train
23.8,31.7,0.6,1.37,35.8375,35.87,35.2725,35.4575,35.85,35.8075,35.8325,35.8625,35.8425,35.8425,35.715,35.87,35.6,35.5075,35.91,35.8725,34.9675,34.915,35.025,34.9275,34.91,35.675,35.29,35.91,35.7875,35.81,1,1,0,0,0,0,0,0,1,0,0,0,0,36.89,train
26.4,42.5,0.73,1.75,35.51,35.7175,35.175,35.3225,35.6,35.6,35.3925,35.6175,35.71,35.7,35.565,35.735,35.2325,35.5625,35.905,35.885,35.62,35.1825,35.5125,35.4125,35.57,35.9975,35.8175,36.2275,36.1925,36.22,1,1,0,0,0,0,0,0,1,0,0,0,0,36.99,train
22.8,43.5,0.65,0.7275,35.3875,35.2025,35.11,34.915,35.36,35.3575,35.215,35.3875,35.225,35.225,35.1125,35.25,35.13,35.05,35.395,35.3725,34.715,34.62,34.7525,34.54,34.835,35.6525,35.1575,35.6525,35.1875,35.2625,0,1,0,0,0,0,0,0,1,0,0,0,0,37.04,train
26.8,29.5,0.6,1.3625,36.305,36.0425,35.89,35.7975,36.2825,36.2825,36.075,36.305,36.06,36.025,36.035,36.085,35.98,35.915,36.4525,36.4275,33.1325,33.255,33.0675,33.625,33.215,35.3075,34.3575,37.4375,37.4175,37.4375,0,0,0,0,0,0,0,0,0,0,1,0,0,38.39,train
24.4,15.5,0.73,1.155,35.9075,36.0275,35.3125,35.605,35.885,35.8825,35.805,35.9075,35.9975,35.9925,35.9275,36.0325,35.665,35.6325,36.0325,35.9975,35.1275,35.2225,35.145,35.1825,35.135,35.8975,35.545,36.21,36.005,36.0325,0,0,0,0,0,0,0,0,0,0,0,0,1,36.99,train
21.1,56.9,0.75,0.57,35.22,34.8225,34.5275,34.2675,35.175,35.1625,34.8975,35.22,35.1825,34.8525,35.1725,35.24,34.8125,34.68,35.36,35.3275,34.1325,33.9425,34.185,33.9525,34.2725,34.9975,34.6275,35.715,35.605,35.63,0,1,0,0,0,0,0,0,1,0,0,0,0,36.79,train
24.4,32.4,0.65,1.2625,35.7175,35.945,34.955,35.1775,35.815,35.6925,35.795,35.8425,35.93,35.93,35.8325,35.9575,35.5825,35.475,35.9575,35.93,35.02,35.0025,35.05,34.9925,34.97,35.695,35.295,36.1525,35.575,35.5975,0,0,0,0,0,0,0,0,0,1,0,0,0,36.99,train
24.1,48.6,0.7,1.115,34.945,34.975,34.52,34.63,34.925,34.925,34.775,34.945,35.045,34.995,34.95,35.085,34.625,34.735,35.09,35.055,34.215,33.87,34.485,33.95,34.715,35.215,34.915,35.745,35.645,35.665,0,1,0,0,0,0,0,0,1,0,0,0,0,36.64,train
27.3,27.9,0.6,1.32,35.48,35.74,34.8025,34.89,35.885,35.46,35.885,35.9225,35.86,35.82,35.8375,35.8925,35.295,35.31,35.935,35.9,34.94,35.27,34.79,34.9925,35.0075,35.64,35.385,35.935,35.63,35.6625,1,0,0,0,0,0,0,0,1,0,0,0,0,36.54,train
21.5,25.6,0.78,0.4775,35.525,35.265,34.4525,34.6,35.505,35.485,35.4275,35.54,35.2875,35.2175,35.215,35.31,35.2725,35.0875,35.54,35.505,34.3325,33.98,33.7975,34.025,34.245,34.7725,34.62,35.8425,35.32,35.3725,1,1,0,0,0,0,0,0,0,1,0,0,0,37.09,train
24.9,40.4,0.6,1.02,35.23,35.195,34.0675,34.335,35.4725,35.1625,35.2975,35.51,35.245,35.165,35.2275,35.2925,34.835,35.03,35.51,35.4725,34.4975,34.1575,34.375,34.1475,34.91,35.2325,35.14,35.7725,35.4775,35.505,0,0,0,0,0,0,0,0,0,0,0,0,1,37.24,train
27.2,29.5,0.68,1.255,36.4625,36.0925,36.205,35.73,36.4425,36.4375,36.35,36.465,36.1175,36.1175,35.8575,36.1425,36.1525,35.605,36.465,36.4425,35.2625,35.2625,35.2125,35.1325,35.275,36.1,35.6075,36.765,36.655,36.6975,0,0,0,0,0,0,0,0,0,1,0,0,0,37.34,train
24.7,12.2,0.6,0.9125,35.61,35.4,34.87,34.86,35.6425,35.56,35.6275,35.6675,35.3975,35.36,35.25,35.435,35.5075,35.035,35.6675,35.6425,32.735,33.5475,33.6625,33.035,32.6225,34.2675,34.1775,36.1675,36.15,36.1675,0,0,0,0,0,0,0,0,0,0,0,0,1,36.49,train
23.8,13.8,0.64,1.1875,35.7075,35.965,35.305,35.635,35.6725,35.6725,35.59,35.7075,35.9525,35.9525,35.61,35.9725,35.2125,35.5,35.9725,35.9525,34.9325,34.5625,34.8975,34.9175,35.0075,35.5625,35.2,36.135,36.0275,36.08,1,0,0,0,0,0,0,0,0,0,0,0,1,37.39,train
24.7,12.2,0.6,1.0525,36.1725,36.0125,35.04,35.46,36.1525,36.1325,36.085,36.1825,36.005,36.0025,35.8675,36.025,35.96,35.515,36.1825,36.1525,34.905,35.04,35.2725,34.9575,35.04,35.7525,35.4625,36.1825,35.755,35.7925,0,1,0,0,0,0,0,0,0,0,0,0,1,36.89,train
24.0,27.2,0.6,0.94,35.7725,35.7775,35.1825,35.26,35.84,35.7425,35.835,35.86,35.7475,35.7425,35.585,35.78,35.4625,35.16,35.875,35.8475,35.16,35.2675,35.3525,35.2,35.28,35.8025,35.5925,36.205,36.1775,36.1975,0,1,0,0,0,0,0,0,0,0,0,1,0,36.94,train
22.7,25.1,0.78,0.0975,34.4575,34.825,33.76,34.1425,34.435,34.4325,34.355,34.4575,34.9425,34.9425,34.05,34.9825,34.165,33.8425,34.9825,34.9425,32.18,31.6,32.0875,32.2625,32.48,33.8725,32.9225,35.6875,35.6675,35.6875,0,0,0,0,0,0,0,0,0,0,0,0,1,36.49,train
23.6,60.3,0.67,0.885,35.7575,35.73,34.9875,34.9175,35.87,35.65,35.87,35.8925,35.7425,35.6575,35.68,35.7825,35.5,35.5675,35.895,35.875,33.86,34.05,34.125,33.8025,31.675,34.8175,34.375,36.0,35.5225,35.545,1,0,0,0,0,0,0,0,0,0,1,0,0,37.14,train
25.3,36.9,0.73,1.165,35.935,35.685,34.48,34.985,35.905,35.9,35.795,35.945,35.67,35.67,35.5475,35.685,35.2325,35.3175,35.945,35.915,34.8125,35.0025,34.8275,34.8625,35.0725,35.4425,35.3225,36.0425,35.88,35.925,0,1,0,0,0,0,0,0,0,0,0,0,1,37.29,train
23.7,46.9,0.6,1.195,35.3375,35.69,34.75,35.2075,35.42,35.415,35.25,35.45,35.695,35.6525,35.48,35.7125,35.0275,35.34,35.7125,35.695,34.5475,34.6475,34.8625,34.4425,34.595,35.5825,35.1825,35.9675,35.815,35.84,0,1,0,0,0,0,0,0,1,0,0,0,0,36.89,train
23.0,47.4,0.67,0.72,35.36,35.7175,34.555,35.0125,35.6575,35.365,35.6525,35.695,35.695,35.6875,35.57,35.7325,35.1725,35.45,35.7475,35.7175,35.0,34.8475,34.925,34.525,35.05,36.0,35.4325,36.5725,36.5225,36.5725,0,0,0,0,0,0,0,0,0,0,0,0,1,37.44,train
22.6,14.4,0.62,0.9075,35.28,35.59,34.3825,35.2225,35.3575,35.24,35.3275,35.3875,35.5575,35.5575,35.3725,35.59,34.9,34.925,35.59,35.5575,34.6925,34.3925,33.985,34.61,34.4375,35.17,34.865,35.67,35.3525,35.4025,0,0,0,0,0,0,0,0,0,0,0,0,1,36.89,train
24.7,29.8,0.6,0.9775,35.8025,36.15,35.2275,35.665,36.15,35.8325,36.15,36.1775,36.2075,36.1125,36.1875,36.23,35.665,36.035,36.3425,36.3025,34.015,34.095,34.61,34.62,34.1625,35.4875,35.435,36.595,36.4075,36.465,1,0,0,0,0,0,0,0,1,0,0,0,0,37.94,train
22.7,22.8,0.7,1.1025,34.6675,34.86,33.795,34.4825,34.88,34.69,34.88,34.915,34.855,34.855,34.4975,34.8775,34.495,34.5175,35.15,35.125,34.6125,34.505,34.395,34.4975,34.715,35.345,34.9975,35.6875,35.3975,35.425,1,0,0,1,0,0,0,0,1,0,0,0,0,36.84,train
23.9,21.2,0.6,0.68,35.4725,35.5375,34.7425,34.9725,35.51,35.45,35.475,35.5225,35.5375,35.5125,35.4925,35.5775,35.3375,35.34,35.575,35.5475,34.61,34.975,34.8025,34.5025,34.365,35.88,35.1225,35.96,35.4725,35.5,0,1,0,0,0,0,0,0,0,1,0,0,0,36.84,train
22.9,22.7,0.8,0.91333333,35.0066667,35.1833333,33.9633333,34.6633333,35.1033333,35.0033333,35.0933333,35.1466667,35.15,35.15,34.42,35.1833333,34.8466667,34.33,35.3133333,35.2866667,34.6933333,35.01,34.6633333,34.39,34.9933333,35.57,35.4333333,35.57,34.5433333,34.5766667,0,0,0,0,0,0,0,0,1,0,0,0,0,37.04,train
24.0,22.9,0.6,1.025,35.1275,34.925,33.475,33.79,35.345,35.105,35.3325,35.3625,35.16,35.16,34.985,35.2,34.715,33.945,35.3625,35.345,34.595,34.9,34.725,34.3925,34.6225,35.38,35.0325,35.5775,35.3,35.335,0,1,0,0,0,0,0,0,0,0,0,0,1,36.79,train
23.4,22.2,0.78,0.76,35.435,35.475,34.755,34.67,35.42,35.42,35.26,35.445,35.4525,35.4475,35.3525,35.4775,34.89,35.0725,35.48,35.46,34.1075,33.955,34.2325,34.1075,33.7075,35.4775,34.695,36.28,36.25,36.28,0,0,0,0,0,0,0,0,0,0,0,0,1,36.89,train
23.3,13.8,0.7,0.63666667,35.3933333,35.07,34.0566667,34.2,35.38,35.36,35.3433333,35.4166667,35.0866667,35.0866667,35.01,35.1133333,34.8066667,34.7133333,35.4166667,35.38,34.44,34.57,34.0433333,34.0366667,32.4133333,34.9933333,34.9433333,36.0033333,35.9833333,36.0033333,1,1,0,0,0,0,0,0,0,0,0,0,1,36.69,train
22.3,35.9,0.7,0.67,36.195,36.0125,35.6725,35.6025,36.255,36.1675,36.25,36.3,36.0075,35.98,35.9475,36.0525,35.8775,35.8075,36.3,36.2525,34.865,35.015,34.98,35.015,35.2025,35.6,35.565,36.555,36.535,36.555,0,0,0,0,0,0,0,0,0,0,1,0,0,37.09,train
24.2,18.3,0.62,1.005,35.605,35.715,34.85,34.9975,35.5725,35.5725,35.42,35.605,35.825,35.705,35.825,35.86,35.0625,35.48,35.8575,35.825,34.54,34.9225,35.1375,34.4875,34.87,35.5525,35.2725,36.065,35.8975,35.9375,0,1,0,0,0,0,0,0,0,0,0,0,1,36.99,train
27.4,36.2,0.65,1.4525,35.7875,36.0225,35.5575,35.7325,35.7925,35.7675,35.775,35.8175,36.01,36.01,35.91,36.0275,35.7175,35.8975,36.0275,36.0075,35.54,35.66,35.615,35.5725,35.7225,36.31,35.9625,36.415,36.095,36.12,0,1,0,0,0,0,0,0,1,0,0,0,0,37.04,train
23.8,18.7,0.6,0.8875,35.415,35.6325,35.0025,35.225,35.555,35.3925,35.555,35.61,35.6125,35.6125,35.3925,35.635,35.215,35.185,35.6975,35.6575,34.7875,34.38,34.4575,34.655,34.76,35.37,35.0825,36.14,36.115,36.14,1,0,0,0,0,0,0,0,0,0,0,1,0,37.34,train
24.1,30.2,0.7,0.8075,35.2775,35.4,34.655,34.58,35.455,35.23,35.4525,35.4875,35.4525,35.37,35.41,35.4725,35.1825,35.195,35.5125,35.475,34.44,34.475,34.38,34.4825,34.2575,35.1625,35.1375,36.0325,35.9975,36.0175,1,0,0,0,0,1,0,0,0,1,0,0,0,37.09,test
23.4,15.1,0.7,0.9725,35.0725,34.7575,34.4325,34.065,35.145,34.995,35.14,35.1825,34.785,34.75,34.7175,34.805,34.9025,34.4475,35.1825,35.1425,33.875,33.575,33.7325,33.795,33.7875,34.58,34.35,35.4525,35.335,35.3675,1,0,0,0,1,0,0,0,0,0,0,0,1,36.74,test
25.4,28.2,0.65,1.15,35.3375,35.8375,34.505,34.9975,35.5025,35.2875,35.5025,35.5475,35.8975,35.87,35.8625,35.935,35.1775,35.625,35.935,35.8975,34.5675,33.96,34.9575,33.6,35.3875,36.175,35.66,36.32,34.4575,34.4925,0,0,0,0,0,0,0,0,0,0,0,0,1,36.79,test
22.8,33.0,0.8,0.675,35.05,34.57,34.565,34.0775,35.0375,35.0225,34.9325,35.08,34.62,34.58,34.5,34.65,34.825,34.3525,35.09,35.0425,34.12,33.8975,34.205,34.1125,33.98,34.7125,34.495,35.7275,35.6925,35.7275,1,0,0,0,0,0,0,1,1,0,0,0,0,36.49,test
23.8,20.6,0.6,0.76333333,35.2133333,35.4633333,34.66,35.1533333,35.3766667,35.3333333,35.3633333,35.3966667,35.4566667,35.44,35.43,35.4833333,34.5433333,34.98,35.4833333,35.4566667,34.7133333,34.73,34.7566667,34.5133333,34.87,35.2266667,35.08,35.7866667,35.62,35.6433333,1,0,0,1,0,0,0,0,1,0,0,0,0,36.79,test
23.8,15.8,0.6,1.1075,35.6575,35.81,35.07,35.3325,35.6375,35.6375,35.285,35.6575,35.7825,35.7825,35.375,35.8125,34.91,35.1075,35.8125,35.7825,34.745,34.4125,34.355,34.36,34.745,35.6675,35.1,36.0325,35.895,35.9175,1,0,0,0,0,0,0,0,0,1,0,0,0,36.79,test
24.1,49.5,0.6,0.815,36.4825,36.7425,35.8,36.315,36.605,36.4425,36.605,36.625,36.8275,36.715,36.825,36.8375,36.335,36.6025,36.8375,36.8275,35.1775,35.1925,35.2125,35.1775,32.7575,35.93,35.6725,36.97,36.5925,36.6125,1,0,0,0,0,0,0,0,0,0,0,0,1,37.74,test
24.1,15.9,0.57,-0.0225,35.14,35.2525,34.115,34.525,35.205,35.145,35.09,35.2225,35.2575,35.2575,35.035,35.2825,34.6525,34.8525,35.305,35.2725,34.515,34.2525,34.025,34.475,34.6,35.08,34.875,35.7475,35.725,35.7475,1,0,0,0,0,0,0,0,0,0,0,0,1,37.09,test
23.5,23.4,0.8,0.91,35.6966667,35.4,34.9733333,34.8833333,35.7566667,35.7033333,35.7433333,35.8,35.3533333,35.35,35.2733333,35.4,35.4833333,34.8833333,35.8,35.76,35.0966667,34.9266667,34.8066667,34.9766667,35.0133333,35.7066667,35.2333333,35.8066667,35.5566667,35.57,1,1,0,0,0,0,0,0,0,0,0,0,1,37.09,test
24.1,48.8,0.7,1.085,35.37,35.6225,34.525,35.0025,35.65,35.285,35.65,35.7025,35.615,35.6025,35.59,35.6325,35.2175,35.38,35.785,35.715,34.2175,34.17,34.1175,34.035,33.77,34.7125,34.5325,35.8775,35.7225,35.78,0,0,0,0,0,0,0,0,0,0,0,0,1,37.34,test
23.9,43.6,0.54,1.195,35.895,35.855,35.4325,35.3,35.8875,35.87,35.8025,35.9075,35.92,35.8,35.825,35.95,35.6175,35.5625,35.96,35.93,35.325,35.26,35.2975,35.27,35.285,35.565,35.52,36.295,36.275,36.295,1,0,0,0,0,0,0,0,0,0,0,0,1,37.19,test
22.8,23.4,0.76,0.6725,34.9025,35.0375,34.62,34.625,35.09,35.0725,35.005,35.1025,35.02,35.02,34.6425,35.05,34.66,34.5325,35.18,35.16,33.4575,33.485,33.665,33.4825,33.76,34.5225,34.4975,35.4975,35.395,35.435,0,0,0,0,0,0,0,0,1,0,0,0,0,36.54,test
24.1,17.9,0.6,0.7825,36.165,35.84,34.8075,34.575,36.1075,36.1075,35.5425,36.1675,35.88,35.845,35.8475,35.9075,34.9975,35.58,36.1675,36.11,34.8975,34.7325,34.8625,34.8125,35.23,35.575,35.405,36.5675,36.4225,36.4625,0,0,0,0,0,0,0,0,0,0,0,0,1,37.34,test
23.5,18.4,0.6,0.8925,35.51,35.15,34.47,34.3825,35.525,35.4725,35.39,35.555,35.155,35.1425,35.01,35.2,35.0675,34.78,35.555,35.5225,33.5925,33.8,33.7475,33.5775,33.975,34.865,34.225,35.9825,35.8475,35.875,0,0,0,1,0,0,0,0,0,0,0,0,1,36.79,test
24.3,17.4,0.6,1.3675,35.415,35.475,35.0675,35.155,35.435,35.39,35.405,35.4775,35.4975,35.495,35.3275,35.53,35.21,35.19,35.5825,35.54,34.575,34.5975,34.3275,34.55,34.62,35.3725,34.8475,35.955,35.63,35.6725,0,0,0,0,0,0,0,0,0,0,0,1,0,36.99,test
23.8,16.7,0.7,0.6425,35.5375,35.57,35.0325,34.435,35.6225,35.6225,35.0925,35.6825,35.5425,35.5425,35.1475,35.57,34.9525,34.9975,35.6825,35.6275,33.9525,34.2575,34.2275,34.055,34.04,35.3325,34.68,35.9675,35.485,35.51,0,0,0,0,0,0,0,0,0,1,0,0,0,36.99,test
22.0,30.0,0.6,0.91,35.575,35.5925,34.9725,35.09,35.5975,35.5775,35.5425,35.6275,35.5825,35.58,35.4825,35.5975,35.425,34.91,35.63,35.6075,34.8925,35.1625,35.19,34.8625,34.9875,35.785,35.48,36.3375,36.205,36.225,0,1,0,0,0,0,0,0,0,0,1,0,0,37.29,test
25.6,30.2,0.66,1.0325,35.315,35.5975,34.5875,34.6575,35.68,35.6075,35.655,35.7,35.75,35.61,35.7425,35.8,34.7025,35.1425,35.8825,35.8325,35.29,34.8025,35.3925,34.8325,35.2875,35.9775,35.53,36.585,36.4925,36.535,0,0,0,0,0,0,0,0,0,0,0,0,1,37.44,test
23.8,15.1,0.7,0.645,36.565,36.2775,36.19,35.4925,36.5375,36.5375,36.1425,36.565,36.2525,36.2525,36.145,36.2875,35.9075,35.7975,36.565,36.5375,32.71,34.4475,32.2525,33.5175,31.9625,35.9025,35.1,36.605,36.285,36.31,1,1,0,0,0,0,0,0,1,0,0,0,0,37.24,test
25.5,22.9,0.6,1.23,35.8775,35.8425,35.65,35.575,35.8825,35.855,35.7925,35.9025,35.895,35.8275,35.85,35.9175,35.7225,35.71,35.925,35.915,35.1425,35.03,35.305,34.8925,33.925,35.7225,35.6975,36.105,35.7825,35.825,1,0,0,0,0,0,0,0,1,0,0,0,0,36.89,test
26.0,32.1,0.75,1.075,35.555,35.515,35.255,35.1225,35.51,35.51,35.285,35.555,35.4825,35.4825,35.095,35.5175,35.19,34.905,35.5675,35.5325,35.2,35.08,35.125,35.055,35.1975,35.9225,35.435,36.1175,36.075,36.105,0,0,0,0,0,0,0,0,0,0,0,0,1,36.79,test
23.9,15.3,0.62,0.7575,35.3,35.205,34.6525,34.4575,35.365,35.365,35.135,35.39,35.245,35.245,35.175,35.275,34.88,34.885,35.39,35.37,34.265,33.955,34.655,34.2025,34.475,35.0975,34.945,35.52,35.25,35.28,1,0,0,0,0,0,0,0,0,0,0,0,1,36.69,test
25.2,25.8,0.66,1.0675,35.985,36.065,34.905,35.4,36.085,36.035,36.0,36.1175,36.05,36.05,35.9675,36.065,35.565,35.805,36.115,36.0875,34.6575,34.615,34.95,34.185,34.505,35.1775,35.145,36.3375,35.935,35.9775,1,1,0,0,0,0,0,0,0,0,0,0,1,36.94,test
22.6,50.9,0.78,0.8225,35.48,35.195,34.745,34.685,35.515,35.4475,35.4875,35.54,35.3125,35.21,35.2675,35.35,34.9475,34.885,35.54,35.515,34.2875,34.0325,33.95,34.155,34.3575,35.4,34.5725,35.945,35.7075,35.735,0,0,0,0,0,0,0,0,0,0,0,1,0,37.24,test
25.0,31.3,0.65,0.9175,35.775,35.8225,35.305,35.1775,35.7525,35.75,35.6425,35.775,35.785,35.785,35.695,35.8225,35.2375,35.2575,35.825,35.7975,34.58,34.895,34.445,34.6875,34.4525,35.11,35.0775,36.0825,35.9925,36.0125,0,0,0,0,0,0,0,0,0,0,0,0,1,36.84,test
24.0,13.5,0.6,1.0225,35.3225,35.35,34.4475,34.665,35.325,35.3025,35.2125,35.3525,35.345,35.3425,35.18,35.37,34.84,35.015,35.4125,35.385,34.705,34.71,34.73,34.6875,34.7225,35.1625,34.995,35.9325,35.845,35.865,0,0,0,0,0,0,0,0,0,0,0,0,1,36.89,test
21.6,40.9,0.74,0.805,36.0375,35.8375,35.0775,35.0175,36.01,35.9975,35.7975,36.045,35.8125,35.8125,35.4475,35.8525,35.3175,35.33,36.0875,36.0525,33.78,33.33,32.78,33.5225,33.88,34.94,34.5175,36.5275,36.465,36.49,1,1,0,0,0,0,0,0,0,0,0,0,1,37.54,test
23.5,12.7,0.6,1.0075,35.1375,34.885,34.245,34.2675,35.1625,35.1075,35.1425,35.1875,34.8875,34.8875,34.5325,34.93,34.96,34.47,35.2225,35.2,34.59,34.6575,34.6825,34.5675,34.89,35.365,35.1775,35.58,35.35,35.405,1,1,0,0,0,0,0,0,0,1,0,0,0,36.74,test
23.4,13.9,0.6,0.7475,35.38,35.5925,34.345,34.8575,35.37,35.3625,35.1975,35.3875,35.6075,35.6075,35.26,35.6325,34.6975,34.9125,35.63,35.6075,34.515,34.5575,34.7,34.6825,34.3425,35.205,34.8525,36.0625,35.99,36.01,0,1,0,0,0,0,0,0,0,0,0,0,1,36.99,test
24.0,19.8,0.7,0.9025,34.7925,35.0175,34.19,34.555,35.0275,34.7525,35.0275,35.105,35.1575,35.0275,35.1575,35.195,34.6825,34.885,35.2825,35.2425,33.625,34.0125,33.4775,33.7025,32.8375,34.5725,34.4075,35.4825,35.0825,35.125,1,0,0,1,0,0,0,0,1,0,0,0,0,36.84,test
24.1,22.8,0.6,0.91,35.8575,35.9175,35.14,34.9525,36.0025,35.87,35.9775,36.035,35.9225,35.91,35.745,35.9425,35.6425,35.4975,36.07,36.03,35.155,35.205,35.3275,35.09,35.0275,35.635,35.635,36.305,35.8025,35.8325,0,1,0,0,0,0,0,0,0,1,0,0,0,37.49,test
24.0,13.5,0.6,0.935,35.5775,34.9975,35.01,34.55,35.585,35.585,35.01,35.62,34.99,34.99,34.675,35.0,34.86,34.6275,35.62,35.585,34.355,33.7675,34.12,33.925,34.3775,34.8275,34.76,35.62,34.7175,34.75,0,0,0,0,0,0,0,0,0,0,1,0,0,36.59,test
27.9,31.0,0.7,1.5575,36.18,36.265,35.5625,35.48,36.29,36.17,36.29,36.3025,36.2725,36.2475,36.245,36.2925,36.01,35.97,36.3125,36.2975,35.835,35.91,35.81,35.67,35.8325,36.145,36.07,36.3125,36.12,36.145,0,0,0,0,0,0,0,0,0,0,0,0,1,37.19,test
24.5,31.8,0.7,1.11,36.1125,36.64,35.795,36.0225,36.4025,36.115,36.4025,36.4275,36.7925,36.6725,36.7225,36.825,35.9425,36.2525,36.825,36.7925,35.1925,34.9475,34.8125,35.085,35.2675,35.8825,35.53,37.105,37.0625,37.09,1,0,0,0,1,0,0,0,0,0,0,0,1,37.94,test
24.2,48.8,0.7,1.0375,35.8225,35.5975,35.26,35.2,35.815,35.815,35.4675,35.845,35.5725,35.5725,35.4775,35.5975,35.23,35.2,35.845,35.815,34.7425,34.7275,34.445,34.5475,35.11,35.8825,35.305,36.365,36.25,36.2875,0,0,0,0,1,0,0,0,1,0,0,0,0,37.19,test
23.3,24.1,0.65,-0.135,35.47,35.615,34.795,35.1275,35.66,35.4375,35.66,35.67,35.575,35.575,35.46,35.615,35.34,35.385,35.695,35.6675,34.2,34.2525,34.45,34.3575,34.235,34.955,34.955,36.2575,36.1975,36.24,0,0,0,0,0,1,0,0,0,1,0,0,0,37.24,test
22.5,14.1,0.75,0.6825,35.415,35.41,34.585,34.7425,35.415,35.37,35.1525,35.4375,35.3975,35.3975,35.1675,35.425,35.0175,35.055,35.45,35.43,33.5075,33.9925,33.715,33.6375,33.6825,34.635,34.2325,35.53,35.215,35.2525,1,1,0,0,0,0,0,0,0,0,0,0,1,36.84,test
23.7,15.1,0.6,1.1025,35.5375,35.5225,34.8875,35.095,35.525,35.52,35.405,35.54,35.5375,35.5275,35.4975,35.565,35.14,35.2425,35.57,35.55,34.4025,34.2125,34.41,34.5825,34.3125,35.3725,34.745,36.01,35.855,35.88,0,1,0,0,0,0,0,0,0,1,0,0,0,36.69,test
22.9,53.2,0.66,0.8325,35.385,35.36,34.87,34.8775,35.4225,35.395,35.3675,35.4375,35.385,35.34,35.35,35.435,34.94,35.08,35.5,35.4575,34.2075,34.41,34.285,33.8925,34.55,35.285,34.9975,35.6375,35.1,35.1275,0,0,0,0,0,0,0,0,0,0,0,0,1,36.59,test
26.0,16.1,0.68,1.42,35.705,35.775,35.175,35.3575,35.685,35.6675,35.645,35.705,35.7575,35.7575,35.4725,35.8125,35.4325,35.305,35.81,35.7575,35.0425,35.225,34.9875,34.805,35.1825,35.725,35.385,36.145,35.915,35.9575,1,1,0,0,0,0,0,0,0,0,0,0,1,36.69,test
24.5,15.9,0.6,0.975,35.605,36.0825,35.26,35.7325,35.63,35.5875,35.6275,35.655,36.065,36.0475,35.835,36.095,35.3825,35.725,36.095,36.065,35.31,35.0925,35.07,35.2725,35.315,35.59,35.5525,36.435,36.0925,36.1125,1,0,0,0,0,0,0,0,0,0,0,0,1,36.94,test
22.0,30.0,0.6,0.965,34.755,34.62,32.9825,32.9025,34.7625,34.755,34.565,34.7725,34.6475,34.63,34.575,34.6925,34.19,34.0475,34.78,34.7675,32.825,33.72,33.9725,32.8075,33.0075,35.02,33.6125,35.405,34.9825,35.02,1,0,0,0,0,0,0,0,0,1,0,0,0,36.09,test
25.4,15.2,0.61,0.9925,35.58,36.4775,34.465,35.435,35.8075,35.49,35.8075,35.835,36.5125,36.395,36.49,36.5575,35.28,36.305,36.5575,36.5125,33.4325,33.9625,33.86,33.5125,33.5725,34.8925,34.505,36.61,36.3075,36.35,1,0,0,0,0,0,0,0,0,0,0,0,1,37.69,test
22.5,33.2,0.75,0.7075,34.945,35.055,34.065,33.415,35.1025,35.0975,35.0225,35.125,35.1125,35.0575,35.0275,35.1525,34.2775,34.6525,35.1575,35.135,34.3425,34.1875,34.3125,34.17,33.1575,35.2375,34.825,35.9475,35.9,35.93,0,0,0,0,0,0,0,0,0,0,0,0,1,36.94,test
26.6,36.2,0.72,0.78,35.59,35.8825,35.28,35.67,35.6475,35.6475,35.3125,35.68,35.9425,35.94,35.65,35.9575,35.17,35.5075,35.97,35.95,35.1825,35.1,35.4925,35.0575,35.3525,35.9225,35.695,36.1125,35.7875,35.8225,0,1,0,0,0,0,0,0,1,0,0,0,0,36.49,test
23.4,18.7,0.6,0.0775,35.5275,35.64,34.95,35.1675,35.75,35.465,35.75,35.81,35.6275,35.615,35.575,35.655,35.3775,35.43,35.81,35.755,34.4775,34.735,34.3425,34.3775,34.685,35.3175,34.9375,36.165,36.105,36.165,0,0,0,0,0,0,0,0,0,0,0,0,1,36.89,test
25.3,22.9,0.6,1.295,37.115,36.985,35.4825,35.485,37.2125,37.12,37.2,37.2425,37.0975,37.0175,37.0625,37.135,36.66,36.3775,37.2425,37.2125,35.9575,35.785,35.875,35.89,35.0825,36.35,36.2975,37.2425,35.86,35.9125,1,0,0,0,0,0,0,0,0,0,0,0,1,37.94,test
24.7,57.9,0.73,1.06,35.7125,35.8875,35.4475,35.63,35.7425,35.7425,35.5525,35.7675,35.875,35.875,35.4575,35.8975,35.4875,35.3,35.8975,35.875,34.9825,34.7575,34.5325,34.7925,35.07,35.3025,35.255,36.1225,35.975,36.0075,1,0,0,1,0,0,0,0,0,0,0,0,1,36.84,test
24.3,35.5,0.69,0.8425,35.3475,35.3425,34.7025,34.57,35.375,35.3075,35.095,35.41,35.3375,35.2575,35.2875,35.3825,34.7725,35.1125,35.5575,35.5225,33.5175,33.3425,33.635,33.815,33.2925,34.8425,34.6575,36.605,36.5725,36.605,0,0,0,0,0,0,0,0,0,0,0,0,1,37.04,test
24.8,34.7,0.74,0.9475,35.3825,35.2525,35.0875,34.9925,35.375,35.3675,35.3175,35.395,35.22,35.22,35.065,35.2525,35.1975,34.9825,35.42,35.3975,34.5525,34.56,34.3475,34.59,34.555,35.16,34.925,35.955,35.9125,35.955,1,0,0,0,0,0,0,0,0,1,0,0,0,36.74,test
23.5,15.7,0.6,1.065,34.76,35.06,34.2975,34.4625,34.795,34.79,34.7125,34.815,35.0325,35.03,34.9075,35.06,34.5475,34.8375,35.06,35.0325,34.465,34.35,34.4825,34.345,34.5425,34.9,34.7375,35.21,34.8275,34.8475,0,0,0,0,0,0,0,0,1,0,0,0,0,36.44,test
24.0,44.9,0.56,1.7375,37.3175,37.2925,36.7125,36.7375,37.32,37.285,37.2925,37.355,37.325,37.26,37.3175,37.34,37.12,37.0875,37.3925,37.3625,36.24,36.335,36.35,36.2275,36.2275,36.79,36.6125,37.8575,37.72,37.755,1,1,0,0,0,0,0,0,1,0,0,0,0,39.14,test
23.4,34.2,0.6,0.8225,36.2475,36.47,35.135,35.595,36.2875,36.1875,36.2825,36.325,36.4475,36.435,36.39,36.4825,36.02,36.0175,36.4825,36.445,35.115,35.35,35.2625,34.9525,35.365,35.84,35.6725,36.785,36.5425,36.58,0,0,0,0,0,0,0,0,0,0,0,0,1,37.79,test
22.0,30.0,0.6,0.7675,36.3425,36.4475,35.925,35.9225,36.305,36.305,36.1325,36.3425,36.435,36.435,36.3025,36.4675,35.6975,36.1525,36.4675,36.4375,35.505,35.4025,35.4275,35.33,35.45,36.0775,35.8775,36.655,36.3225,36.3375,0,0,0,0,1,0,0,0,0,0,0,0,1,37.34,test
23.5,21.6,0.67,0.56,36.005,35.84,35.195,35.2675,36.0,35.9875,35.9025,36.0125,35.81,35.8075,35.68,35.84,35.7875,35.465,36.0125,36.0,34.745,34.66,34.675,34.3525,34.22,35.2575,35.1175,36.08,35.155,35.1875,1,0,0,0,0,0,0,0,0,0,0,0,1,36.64,test
22.8,15.5,0.8,0.375,35.275,35.2,34.6425,34.6675,35.2575,35.2575,34.7275,35.28,35.1675,35.1675,34.4175,35.2,34.4225,34.3775,35.285,35.26,34.0325,33.9775,34.0875,33.73,33.5425,34.8675,34.35,35.805,35.7675,35.805,1,0,0,0,0,0,0,0,1,0,0,0,0,36.54,test
23.0,47.3,0.66,0.8225,35.57,35.48,35.235,35.225,35.56,35.56,35.1425,35.585,35.4825,35.4825,35.27,35.52,35.0375,35.1475,35.5975,35.5725,34.88,35.05,35.0125,34.8425,34.8375,35.36,35.26,36.18,36.025,36.07,0,1,0,0,0,0,0,0,1,0,0,0,0,36.94,test
23.2,47.3,0.61,0.7625,35.82,35.5475,34.975,34.8775,35.78,35.775,35.645,35.8225,35.5325,35.53,35.2275,35.5725,35.48,34.995,35.82,35.78,34.37,34.8175,34.24,34.165,34.675,35.2825,34.8875,36.285,36.1625,36.1975,0,0,0,0,0,0,0,0,0,0,0,0,1,37.04,test
24.4,13.5,0.6,0.9325,35.48,35.53,34.9,34.99,35.565,35.565,35.135,35.63,35.5325,35.4925,35.46,35.5625,34.8775,35.13,35.64,35.605,34.6675,34.7725,34.8175,34.6475,34.66,35.155,35.1175,35.9825,35.76,35.81,0,0,0,0,0,0,0,0,0,0,0,0,1,36.89,test
24.6,36.8,0.73,1.1425,35.55,35.5475,34.995,34.9125,35.5575,35.52,35.41,35.5675,35.5225,35.5225,35.395,35.5475,35.24,35.2225,35.6,35.58,35.025,34.785,34.6075,35.065,34.9275,35.4175,35.33,35.72,35.505,35.5275,1,1,0,0,0,0,0,0,0,0,0,0,1,36.94,test
22.0,30.0,0.6,1.7625,36.0425,36.615,35.4,35.925,36.4175,35.97,36.4175,36.44,36.585,36.5825,36.4375,36.615,35.8225,36.4025,36.615,36.585,35.1525,35.0825,35.105,34.825,35.445,36.15,35.735,36.8575,36.65,36.6825,0,1,0,0,0,0,0,0,0,0,0,0,1,38.19,test
23.7,17.0,0.61,1.385,34.7175,35.0275,33.9125,34.62,34.77,34.675,34.7675,34.7975,35.0325,35.01,34.96,35.0525,34.4825,34.86,35.05,35.03,34.2775,33.8425,34.1175,34.01,34.3925,35.4225,34.8675,35.59,34.715,34.7325,0,0,0,0,0,0,0,0,0,1,0,0,0,37.04,test
23.6,51.7,0.74,0.945,35.2375,35.3725,34.8925,34.8775,35.3725,35.3225,35.25,35.4,35.385,35.385,34.9375,35.41,34.92,34.82,35.4875,35.4725,34.2475,33.9725,33.9475,34.2175,34.5325,35.2175,34.715,36.1675,36.08,36.115,0,0,0,0,0,0,0,0,0,1,0,0,0,37.19,test
24.0,28.7,0.6,1.3775,35.6875,35.6675,34.7825,34.6775,35.7025,35.6725,35.6775,35.7225,35.705,35.61,35.6725,35.72,35.52,35.425,35.7475,35.73,34.87,34.9175,34.94,34.755,34.79,35.3925,35.13,35.94,35.515,35.5375,1,0,0,0,0,0,0,0,1,0,0,0,0,36.84,test
23.0,14.2,0.63,0.995,35.3325,35.3575,34.685,34.655,35.3075,35.3,35.2425,35.335,35.3425,35.3375,35.2625,35.3675,34.9925,34.8425,35.37,35.35,34.0925,34.3275,34.1725,33.8725,34.205,35.2975,34.64,35.8675,35.7775,35.83,0,1,0,0,0,0,0,0,0,0,0,0,1,36.94,test
23.1,27.0,0.8,0.87,35.9075,35.73,35.065,35.31,35.9,35.87,35.785,35.93,35.6975,35.6975,35.3425,35.7325,35.5725,35.1525,35.93,35.9,34.9775,34.9425,34.575,34.9975,35.0075,35.5525,35.22,36.1325,36.0725,36.1325,1,1,0,0,0,0,0,0,0,0,0,0,1,37.39,test
23.2,17.2,0.6,0.645,35.56,35.75,34.96,35.155,35.5425,35.5425,35.42,35.56,35.7325,35.73,35.58,35.75,35.24,35.145,35.75,35.735,34.4075,34.4625,34.41,34.335,34.51,35.635,34.7525,36.1375,36.115,36.1375,0,1,0,0,0,0,0,0,0,1,0,0,0,37.04,test
24.5,11.5,0.6,1.02,36.2425,36.7375,35.7175,36.3375,36.235,36.2275,36.1125,36.2575,36.81,36.72,36.755,36.8375,35.9625,36.6175,36.8375,36.81,35.5075,35.5625,35.7775,35.5025,35.6425,36.175,35.9,36.8475,36.31,36.34,0,0,0,0,0,0,0,0,0,0,0,0,1,37.04,test
23.2,34.2,0.6,0.7525,35.7875,35.77,34.705,35.175,35.8925,35.72,35.85,35.92,35.755,35.755,35.47,35.79,35.6,35.0925,35.92,35.8925,34.2575,34.215,34.3925,34.1675,34.2425,35.32,34.93,36.1475,35.82,35.845,0,0,0,0,0,0,0,0,0,0,0,0,1,36.64,test
23.1,22.7,0.8,0.8875,34.9775,35.2,34.54,34.7875,35.2275,34.9275,35.2275,35.26,35.27,35.1875,35.15,35.305,34.8575,34.9975,35.3425,35.3,34.39,34.185,34.475,34.0425,34.795,35.175,35.045,35.775,35.6675,35.715,0,0,0,0,0,0,0,0,1,0,0,0,0,36.99,test
24.0,28.3,0.7,0.9525,35.8,36.0725,35.245,35.6625,35.8125,35.8125,35.6575,35.8375,36.0625,36.0625,35.6875,36.0975,35.2025,35.1775,36.0975,36.06,34.97,34.775,34.9225,34.9875,34.8975,35.78,35.38,36.44,36.3225,36.3775,0,0,0,1,0,0,0,0,0,0,0,0,1,37.09,test
24.2,51.4,0.6,0.9825,35.1575,35.3675,34.3625,34.2625,35.2325,35.14,35.2275,35.265,35.3875,35.35,35.33,35.41,35.065,35.135,35.41,35.385,34.795,34.21,34.67,34.6875,34.715,35.22,35.1275,35.4625,35.14,35.16,1,1,0,0,0,0,0,0,0,0,1,0,0,36.44,test
24.0,27.0,0.8,0.93,35.2225,35.6125,34.385,35.2475,35.2075,35.2,35.1175,35.225,35.595,35.595,35.3275,35.6125,34.91,35.17,35.6125,35.595,34.44,34.4225,34.655,34.3025,34.9175,35.6025,35.315,35.72,34.965,34.9825,0,0,1,0,0,0,0,0,0,1,0,0,0,37.09,test
24.2,23.4,0.6,1.005,35.335,35.465,34.6775,34.7675,35.32,35.3175,35.245,35.3475,35.5375,35.535,35.47,35.5625,34.8625,34.9925,35.5625,35.5375,34.7675,34.5975,34.7775,34.595,34.9125,35.495,35.2525,35.5625,34.915,34.9375,0,0,0,0,0,0,0,0,0,0,1,0,0,36.89,test
24.6,22.0,0.6,0.8125,36.2525,35.77,35.8125,35.2725,36.23,36.23,35.745,36.255,35.78,35.7625,35.6775,35.8,35.71,35.2675,36.2525,36.23,34.68,34.575,34.5375,34.5575,34.7,35.7225,35.11,36.4275,35.7525,35.785,0,0,0,0,0,0,0,0,1,0,0,0,0,36.94,test
23.9,23.5,0.6,1.185,35.8775,36.0025,35.235,35.5075,35.87,35.85,35.755,35.8875,36.01,35.9775,35.825,36.04,35.55,35.7,36.04,36.01,34.845,34.5475,34.8625,34.8275,34.885,35.1675,35.14,36.04,35.7325,35.76,0,0,0,0,0,0,0,0,0,0,0,0,1,36.94,test
23.4,27.8,0.6,0.6425,34.85,34.815,34.265,33.99,34.8625,34.8625,34.67,34.875,34.83,34.8225,34.755,34.855,34.105,34.4525,34.89,34.8775,33.8325,33.5225,33.69,33.85,33.5,34.78,34.1575,34.8925,34.5675,34.59,1,0,0,0,0,0,0,0,0,0,0,0,1,35.84,test
27.6,27.9,0.7,1.515,36.0725,35.995,35.56,35.4925,36.0625,36.0025,36.0275,36.1075,35.9775,35.9775,35.8425,35.995,35.9075,35.8075,36.1075,36.0625,34.0725,34.115,34.1775,34.08,33.94,35.17,34.8675,36.3325,36.1525,36.185,1,1,0,0,0,0,0,0,0,0,0,1,0,36.89,test
24.7,12.2,0.6,0.92333333,35.4933333,35.9266667,35.2166667,35.62,35.51,35.5,35.5,35.53,35.9166667,35.9166667,35.7066667,35.93,35.3633333,35.3933333,35.9266667,35.9166667,34.87,34.9,34.7933333,34.9166667,34.34,35.61,35.42,36.0133333,35.7533333,35.8,1,0,0,0,0,0,0,0,0,0,0,0,1,36.84,test
24.7,48.9,0.6,1.12,36.0625,35.9575,35.4225,34.9275,36.0425,36.0425,35.85,36.0625,35.9325,35.93,35.79,35.965,35.685,35.31,36.0625,36.0425,34.9975,34.7975,35.1175,34.6525,35.0875,35.59,35.39,36.2575,35.9525,35.9725,1,1,0,0,0,0,0,0,1,0,0,0,0,37.09,test
29.1,27.5,0.7,1.755,36.3025,36.215,35.85,35.755,36.3075,36.285,36.29,36.325,36.2675,36.2575,36.2125,36.2925,36.055,35.8275,36.3375,36.3125,35.3725,35.065,35.2375,35.385,35.185,35.8825,35.845,36.6475,36.4675,36.5025,1,1,0,0,0,0,0,0,0,0,0,0,1,37.29,test
26.2,30.6,0.68,1.4675,36.6625,36.3625,36.2325,35.905,36.6425,36.6425,36.2275,36.6775,36.36,36.36,36.0125,36.3775,36.115,35.8425,36.6775,36.6425,35.4925,35.7825,35.6375,35.295,35.5425,36.1475,36.005,36.8675,36.66,36.6975,0,1,0,0,0,0,0,0,0,0,0,0,1,37.64,test
24.0,17.2,0.66,0.83,35.2,35.2425,33.79,34.555,35.2525,35.115,35.25,35.3,35.2475,35.2075,35.1,35.27,35.0025,35.0,35.33,35.3,34.45,34.4775,34.7825,34.54,34.5975,35.2675,35.05,35.9275,35.7425,35.775,1,0,0,0,0,0,0,0,0,0,1,0,0,36.94,test
24.7,49.2,0.6,1.455,35.8225,35.9575,35.5275,35.7,35.875,35.82,35.805,35.8975,36.015,35.9925,35.92,36.0475,35.5975,35.6025,36.0475,36.015,34.98,35.1725,34.9425,35.015,35.205,35.72,35.42,36.06,35.695,35.725,0,0,0,0,0,0,0,0,1,0,0,0,0,37.19,test
23.6,20.1,0.6,0.8175,35.4575,35.3625,34.51,35.0175,35.46,35.3775,35.415,35.4975,35.375,35.3325,35.365,35.4025,35.2975,35.115,35.4975,35.4625,33.8225,33.34,33.3275,33.6675,33.625,34.7725,34.095,35.5825,35.01,35.045,0,1,0,0,0,0,0,0,0,1,0,0,0,36.39,test
22.7,14.7,0.62,0.9325,34.905,35.24,33.81,34.43,34.9975,34.7775,34.9825,35.03,35.2075,35.2075,34.8525,35.24,34.68,34.7,35.24,35.205,31.7425,31.795,31.6575,32.07,31.4575,33.4075,32.44,36.1875,36.15,36.1875,0,0,0,0,0,0,0,0,0,0,0,0,1,37.34,test
24.3,14.9,0.6,1.0725,36.215,36.4425,35.405,35.8475,36.19,36.18,36.1275,36.2275,36.4875,36.4425,36.4525,36.535,35.9725,36.1075,36.5325,36.4875,34.465,34.125,34.3075,33.7625,34.8825,35.7625,35.3275,36.7275,36.48,36.525,0,0,0,0,0,0,0,0,0,0,0,0,1,37.64,test
24.3,17.0,0.7,0.665,37.2075,37.235,36.3225,36.5675,37.2225,37.1625,37.2075,37.2675,37.225,37.1975,37.1425,37.2475,37.085,37.005,37.285,37.25,36.1675,36.085,36.13,36.1675,35.215,36.935,36.56,37.3875,37.2675,37.295,1,1,0,0,0,0,0,0,0,0,0,0,1,38.74,test
24.1,15.6,0.66,0.85,35.49,35.6275,34.865,34.9625,35.49,35.4825,35.3,35.5175,35.6225,35.62,35.43,35.665,35.095,35.21,35.67,35.62,33.8875,33.7025,33.86,34.1775,33.8825,34.83,34.5625,36.1075,35.8975,35.97,1,1,0,0,0,0,0,0,1,0,0,0,0,36.99,test
24.2,17.7,0.54,0.8775,35.95,35.755,35.6075,35.255,35.9275,35.925,35.785,35.95,35.81,35.7975,35.7375,35.8375,35.66,35.32,35.95,35.9275,34.945,35.3175,35.1,34.865,34.76,35.84,35.4725,36.0325,35.935,35.97,1,0,0,0,0,0,0,0,1,0,0,0,0,36.89,test
22.9,30.6,0.8,0.5875,35.115,35.115,33.1625,33.3125,35.2525,35.0675,35.1725,35.29,35.08,35.0625,34.95,35.13,34.695,34.665,35.29,35.2525,34.095,34.2175,34.145,33.9825,34.3325,35.4625,34.5925,35.8125,35.5225,35.585,0,1,0,0,0,0,0,0,0,0,0,0,1,36.69,test
22.2,42.5,0.6,0.4125,35.8025,35.435,35.22,34.81,35.925,35.7825,35.9,35.955,35.4575,35.3975,35.2975,35.51,35.6575,34.5275,35.955,35.92,34.1725,33.8,34.075,34.0575,34.085,35.0675,34.5325,35.955,35.3275,35.3575,0,0,0,0,0,0,0,0,0,0,0,0,1,36.74,test
25.4,36.3,0.6,0.9525,35.6,35.8775,34.555,35.435,35.6775,35.535,35.6475,35.7,35.86,35.855,35.785,35.8775,35.4775,35.755,35.8775,35.86,34.875,34.4775,34.9125,34.3425,34.45,35.2525,35.14,35.9625,35.8075,35.835,1,0,0,0,0,0,0,0,0,0,0,0,1,36.89,test
24.3,13.9,0.58,0.65,35.415,35.5425,34.6375,34.76,35.505,35.4675,35.4975,35.53,35.535,35.5325,35.32,35.5725,35.0075,34.5925,35.5725,35.555,34.7425,34.975,34.995,34.7525,34.9125,35.4,35.1725,35.815,35.6725,35.705,0,0,0,0,0,0,0,0,0,0,0,0,1,36.94,test
25.3,31.8,0.7,1.245,35.4425,35.6,34.8825,35.065,35.5225,35.4025,35.5225,35.5475,35.5825,35.5825,35.5175,35.6025,35.265,35.065,35.6025,35.5875,34.565,34.4375,34.625,34.3825,34.8525,35.5625,35.1125,36.0125,35.69,35.72,0,0,0,0,0,0,0,0,0,0,0,0,1,36.89,test
23.2,10.6,0.7,0.4425,36.3725,36.3225,36.07,35.9625,36.4175,36.4075,36.335,36.44,36.3475,36.3475,35.9825,36.375,35.9475,35.86,36.44,36.42,35.38,35.625,35.2775,35.4625,35.51,36.375,35.9025,36.7775,36.7325,36.7675,1,0,0,0,0,0,0,0,1,0,0,0,0,37.99,test
25.4,48.0,0.6,1.185,35.92,35.855,35.605,35.52,35.945,35.945,35.77,35.97,35.85,35.795,35.84,35.89,35.325,35.625,35.97,35.945,35.025,35.03,35.295,35.01,35.4,35.81,35.795,36.24,36.105,36.14,0,1,0,0,0,0,0,0,1,0,0,0,0,37.39,test
23.0,10.3,0.6,0.435,34.955,35.0,33.45,34.37,34.985,34.905,34.965,35.025,35.045,35.02,34.9575,35.0725,34.665,34.66,35.0875,35.0575,34.4825,34.5125,34.585,34.225,34.395,35.0775,34.805,35.785,35.7,35.7375,0,1,0,0,0,0,0,0,0,0,0,0,1,37.04,test
23.9,26.8,0.6,1.05,34.51,34.8233333,33.9333333,34.0366667,35.1233333,34.5466667,35.1233333,35.1866667,35.0733333,34.7866667,35.0733333,35.1333333,34.4366667,34.6933333,35.3733333,35.31,34.0966667,34.2133333,34.52,34.23,34.2266667,35.25,34.7533333,35.67,35.2666667,35.3066667,0,0,0,0,0,0,0,0,1,0,0,0,0,36.54,test
26.2,36.1,0.77,0.8625,35.3225,35.315,34.3925,34.485,35.435,35.2675,35.4325,35.4575,35.415,35.3075,35.34,35.435,35.12,35.1175,35.5,35.48,34.6875,34.8725,34.9625,34.45,34.6725,35.295,35.085,36.2475,36.1775,36.21,0,0,0,1,0,0,0,0,0,0,0,1,0,36.69,test
27.9,31.0,0.7,1.6025,35.1675,35.5075,34.7475,34.9075,35.1975,35.1875,35.06,35.225,35.5525,35.54,35.52,35.5675,34.905,35.4275,35.565,35.5525,34.9625,34.8875,35.025,34.8525,35.2475,35.8725,35.48,36.025,35.2225,35.2625,0,0,0,0,0,0,0,0,0,1,0,0,0,36.59,test
23.3,12.6,0.6,0.77666667,34.7333333,34.5333333,34.3766667,34.0866667,34.8333333,34.7033333,34.8333333,34.8633333,34.5233333,34.4866667,34.4066667,34.5733333,34.4433333,34.1566667,34.99,34.9666667,33.9,33.9233333,33.3,33.59,33.88,34.5933333,34.42,35.3133333,35.2033333,35.2733333,1,0,0,0,0,0,1,0,1,0,0,0,0,36.34,test
24.8,19.9,0.6,0.6175,35.9375,35.3525,35.0875,34.69,35.9125,35.9125,35.73,35.9425,35.4175,35.36,35.4075,35.44,35.64,35.15,35.9425,35.9125,34.5525,34.9675,34.64,34.37,34.8425,35.4925,35.145,36.005,35.5025,35.525,0,1,0,0,0,0,0,0,0,0,0,0,1,36.79,test
22.2,26.0,0.73,0.825,35.2875,35.4,34.96,34.9675,35.2625,35.2625,34.9775,35.2875,35.4225,35.4225,34.9625,35.445,34.905,34.905,35.445,35.4225,34.2775,34.325,34.3225,34.02,34.025,34.8625,34.6175,35.9975,35.8375,35.885,1,1,0,0,0,0,0,0,0,1,0,0,0,37.24,test
27.0,31.2,0.7,1.03,35.8375,35.6625,35.4775,35.33,35.845,35.8025,35.705,35.8725,35.64,35.64,35.425,35.6725,35.5625,35.245,35.8725,35.8425,34.8975,34.67,34.965,34.9525,35.02,35.3975,35.305,36.0,35.6125,35.65,1,0,0,0,0,0,0,0,0,0,0,0,1,36.74,test
24.0,20.5,0.6,0.9025,36.07,35.7825,35.7325,35.3875,36.1475,36.1475,35.6475,36.175,35.8625,35.765,35.86,35.89,35.4525,35.7025,36.22,36.17,34.825,34.445,34.5275,34.9025,34.5625,35.415,35.335,36.2525,35.89,35.9225,1,0,0,0,0,0,0,0,1,0,0,0,0,36.89,test
27.2,29.7,0.62,2.875,35.08,35.1225,34.385,34.7925,35.1525,35.085,35.14,35.1625,35.1325,35.1275,35.0225,35.1525,34.91,34.77,35.185,35.17,34.3025,34.5775,34.58,34.3625,34.385,35.16,34.7575,35.5025,35.3825,35.4,0,0,0,0,0,0,0,0,0,1,0,0,0,36.34,test
24.1,13.5,0.6,0.76,35.1733333,34.8166667,34.4466667,33.55,35.1633333,35.1633333,35.01,35.1733333,34.83,34.7933333,34.82,34.8533333,34.99,34.7566667,35.1733333,35.1633333,33.4833333,33.7066667,34.0566667,33.0666667,33.6266667,34.4533333,34.2666667,35.2,34.8733333,34.92,0,0,0,0,0,0,0,0,0,0,0,0,1,36.74,test
28.0,48.4,0.6,1.66,36.29,35.995,35.845,35.445,36.26,36.26,36.09,36.2925,36.0875,36.035,36.0725,36.12,36.1225,35.6825,36.29,36.26,35.64,35.375,35.6525,35.5025,35.695,36.115,35.9125,36.365,36.09,36.13,0,0,0,0,0,0,0,0,0,0,0,0,1,36.79,test
25.2,31.8,0.68,1.0675,36.12,36.0825,35.7175,35.6475,36.08,36.08,35.8025,36.12,36.045,36.045,35.755,36.0825,35.7175,35.6525,36.1525,36.11,35.465,35.5575,35.3125,35.5175,35.415,35.9575,35.8125,36.265,36.2,36.2425,0,1,0,0,0,0,0,0,0,0,0,0,1,37.14,test
23.8,13.9,0.67,0.83,35.815,35.78,35.1,35.395,35.935,35.9325,35.7325,35.965,35.8525,35.8525,35.56,35.895,35.5075,35.445,35.965,35.9375,35.08,34.7575,34.9125,34.5425,34.7425,35.6325,35.29,36.35,36.2925,36.35,1,1,0,0,0,0,0,0,0,0,0,0,1,37.09,test
23.8,16.9,0.54,0.75,35.705,35.2425,34.8675,34.7125,35.6575,35.6575,35.3175,35.705,35.485,35.485,34.895,35.5175,35.18,34.72,35.715,35.6725,34.705,34.6625,34.7725,34.7025,34.95,35.7675,35.2475,36.065,36.01,36.06,0,0,0,0,0,0,0,0,0,0,0,0,1,36.94,test
23.4,20.4,0.7,0.845,35.6875,35.895,35.175,35.5225,35.635,35.635,35.37,35.6875,35.8475,35.8475,35.42,35.895,35.2675,35.305,35.895,35.8475,34.6625,34.1975,34.7975,34.7025,34.5975,35.3325,35.285,36.0475,35.9925,36.035,0,0,0,0,0,0,0,0,0,0,0,0,1,36.94,test
25.3,36.9,0.6,1.105,35.6375,35.7625,34.9075,35.2875,35.5925,35.5875,35.415,35.6375,35.71,35.71,35.4525,35.7625,35.315,35.385,35.7775,35.7375,34.6925,34.3225,34.355,34.5475,34.725,35.205,34.9325,36.05,35.9675,35.9925,0,0,0,0,0,0,0,0,0,0,0,0,1,36.94,test
23.5,18.0,0.73,0.7775,36.1575,35.9075,35.315,35.22,36.16,36.1425,36.0625,36.175,35.8775,35.8725,35.7275,35.91,35.8425,35.425,36.1725,36.16,34.7575,35.055,34.6425,34.75,34.705,35.3725,35.285,36.34,35.94,35.995,1,0,0,0,0,0,0,1,0,0,0,0,1,37.14,test
24.2,39.0,0.6,1.1375,36.055,35.975,35.1975,35.5575,36.0475,36.0325,36.0125,36.07,35.955,35.955,35.8575,35.975,35.9475,35.845,36.07,36.0475,35.155,34.66,35.1625,35.145,35.1525,35.5575,35.45,36.16,36.005,36.0325,1,1,0,0,0,0,0,0,0,0,0,0,1,36.99,test
23.8,17.6,0.6,0.415,34.825,35.22,34.105,34.645,34.855,34.8375,34.7625,34.875,35.2225,35.2225,35.06,35.2475,34.0575,34.78,35.2475,35.22,33.6075,33.2125,33.49,33.675,33.615,34.9575,34.12,35.275,34.9825,35.0075,1,1,0,0,0,0,0,0,0,0,0,0,1,36.34,test
25.0,21.7,0.79,1.0775,36.295,36.065,35.2875,34.885,36.3,36.2625,36.1575,36.325,36.055,36.0425,35.87,36.0725,35.765,35.52,36.325,36.3025,35.405,35.865,35.2825,35.2,35.34,36.46,36.1575,37.07,37.04,37.07,0,0,0,0,0,0,0,0,0,0,0,0,1,37.99,test
24.0,44.9,0.56,1.31,35.665,35.8425,34.7925,35.365,35.87,35.7,35.87,35.895,35.855,35.855,35.58,35.8875,35.3475,35.315,35.91,35.885,33.79,33.865,33.205,33.6725,34.26,34.81,34.465,36.155,36.0775,36.1075,1,1,0,0,0,0,0,0,0,0,0,0,1,37.04,test
23.9,21.2,0.6,0.78,35.3325,35.065,34.4975,34.225,35.305,35.2975,35.2325,35.36,35.0475,35.045,34.92,35.085,35.0075,34.445,35.36,35.305,34.0125,34.46,34.505,34.0225,34.245,35.27,34.88,36.245,36.16,36.1825,0,0,0,0,0,0,0,0,1,0,0,0,0,36.69,test
27.2,48.5,0.6,1.79,35.8375,36.005,35.54,35.7375,35.9625,35.885,35.875,35.99,36.1475,36.035,36.085,36.2075,35.5575,35.8525,36.2075,36.155,35.1925,35.1575,35.1975,35.44,35.515,36.125,35.715,36.4825,36.43,36.465,0,0,0,0,0,0,0,0,1,0,0,0,0,37.29,test
24.5,11.5,0.6,0.8925,35.775,36.01,35.22,35.695,35.925,35.75,35.875,35.955,36.0125,36.0125,35.695,36.025,35.4725,35.44,36.025,36.0125,35.18,35.155,35.505,35.215,35.2275,35.7075,35.6875,36.0875,35.79,35.81,0,1,0,0,0,0,0,0,0,0,0,0,1,36.74,test
23.8,15.8,0.6,1.1625,35.3775,35.4075,34.9475,34.47,35.4225,35.3175,35.4225,35.4525,35.5125,35.4375,35.5125,35.53,35.265,35.21,35.5425,35.5225,34.665,34.16,35.035,34.57,34.58,35.89,35.2075,36.1025,35.7125,35.745,0,1,0,0,0,0,0,0,1,0,0,0,0,37.14,test
23.2,12.8,0.71,0.82,35.8975,36.055,35.4225,35.5925,35.8775,35.8725,35.765,35.9,36.0425,36.0375,35.8875,36.06,35.715,35.7825,36.0725,36.0575,34.77,35.1675,35.175,34.8425,34.48,35.53,35.3975,36.57,36.5325,36.57,1,1,0,0,0,0,0,0,0,0,0,0,1,37.29,test
23.9,15.6,0.6,0.875,35.9025,35.8175,35.23,35.2775,35.8675,35.8675,35.6925,35.905,35.7625,35.7625,35.35,35.8175,35.7025,35.3125,35.9025,35.8675,33.555,33.49,33.6925,33.5725,33.515,35.0275,34.1375,36.065,35.77,35.8125,0,0,0,0,0,0,0,0,0,0,0,0,1,36.79,test
23.5,30.0,0.57,0.8675,36.375,35.9225,34.0475,34.9425,36.6275,36.4325,36.6275,36.655,36.1925,36.055,36.19,36.21,35.39,35.17,36.655,36.6275,35.305,34.9375,35.6725,34.6725,35.8775,37.205,36.2,37.205,36.33,36.3425,0,1,0,0,0,0,0,0,0,0,0,0,1,38.29,test
23.6,16.6,0.6,0.6925,37.35,37.08,36.825,36.475,37.36,37.36,37.08,37.385,37.215,37.215,36.7675,37.24,36.9175,36.5,37.435,37.4025,35.765,35.86,35.42,35.7475,35.85,36.62,36.225,37.51,37.245,37.285,1,0,0,0,0,0,0,0,0,0,0,0,1,38.34,test
23.9,48.4,0.6,0.76,35.5575,35.6075,34.9025,35.0675,35.6525,35.5175,35.65,35.6825,35.645,35.6325,35.5525,35.6775,35.43,35.33,35.7,35.675,34.3625,34.18,34.165,34.295,34.505,35.0925,34.725,35.865,35.61,35.65,1,0,0,0,0,0,0,0,0,0,0,0,1,36.59,test
23.5,17.7,0.6,1.0025,35.0825,35.1125,33.855,33.9225,35.115,35.0775,35.0525,35.1275,35.195,35.195,34.92,35.235,34.75,34.1,35.235,35.2025,34.5525,34.35,34.2675,34.4375,34.7,35.4075,35.185,35.8675,35.795,35.825,0,0,0,1,0,0,0,0,0,0,0,0,1,36.79,test
23.8,16.7,0.72,0.805,37.5375,37.325,37.185,36.85,37.52,37.515,37.4275,37.54,37.3,37.3,37.1575,37.325,37.215,36.8025,37.5425,37.525,35.82,35.435,35.575,35.5175,35.8725,36.4275,36.1375,37.7775,37.3675,37.405,1,0,0,0,0,0,0,0,0,0,0,1,0,38.04,test
24.3,33.0,0.7,1.2475,35.5575,35.8,34.6225,34.9775,35.68,35.515,35.68,35.7075,35.8475,35.7675,35.8225,35.8825,35.2725,35.6725,35.8825,35.845,34.8675,34.84,34.72,34.675,34.8725,35.7125,35.2825,35.97,35.3425,35.375,1,0,0,0,0,0,0,0,0,0,0,0,1,36.64,test
25.6,50.9,0.6,1.1025,36.335,36.5775,35.33,35.8975,36.335,36.305,36.3125,36.3525,36.535,36.535,36.285,36.5775,35.88,36.2175,36.5775,36.535,34.215,34.1375,34.4,34.1225,33.8275,35.07,34.725,36.6,36.03,36.045,0,0,0,0,0,0,0,0,0,0,0,0,1,36.74,test
24.1,41.3,0.6,0.535,36.7625,37.2975,36.465,36.8575,36.76,36.7425,36.695,36.7825,37.2525,37.2525,37.015,37.2975,36.615,36.8225,37.2975,37.2525,35.5325,35.6275,35.7125,35.7775,36.105,36.7625,36.33,37.475,37.23,37.25,1,0,0,0,0,0,0,0,0,1,0,0,0,38.69,test
24.0,50.9,0.7,1.3925,35.5175,35.035,35.1775,34.715,35.4825,35.4825,35.29,35.5175,35.0175,35.005,34.9575,35.0475,35.1975,34.7925,35.5175,35.4825,34.5475,34.745,34.7725,34.455,34.6825,35.345,34.9,35.7475,35.56,35.5925,1,0,0,0,0,0,0,0,0,1,0,0,0,36.74,test
23.6,50.8,0.74,0.9125,36.135,35.65,35.37,35.1525,36.1025,36.0975,35.99,36.14,35.6225,35.6225,35.3775,35.65,35.7675,35.3625,36.14,36.1,34.76,34.52,34.53,34.6375,34.795,35.4475,35.0775,36.2825,35.98,36.05,1,0,0,0,0,0,0,0,0,1,0,0,0,37.09,test
25.2,36.2,0.69,0.7725,35.245,35.11,34.6025,34.35,35.235,35.215,35.1925,35.26,35.19,35.1575,34.915,35.2225,34.9375,34.7275,35.2575,35.2425,34.575,34.7275,34.4075,34.4175,34.99,35.4825,35.2025,36.01,35.93,35.9875,1,1,0,0,0,0,0,0,0,0,0,0,1,36.74,test
25.7,34.7,0.65,0.645,35.79,35.855,34.74,35.2375,35.91,35.7825,35.91,35.9325,35.8425,35.84,35.7925,35.8625,35.555,35.455,35.9325,35.9075,34.855,35.24,35.1725,34.6425,33.3275,35.8225,35.52,36.1125,35.6975,35.7175,1,0,0,0,0,0,0,0,0,0,0,0,1,36.94,test
24.0,20.2,0.64,0.8225,36.17,35.87,35.495,34.8725,36.1775,36.1275,36.145,36.22,36.12,35.945,36.115,36.1425,36.0025,35.655,36.22,36.19,34.5,34.74,34.775,34.585,34.595,35.495,35.1425,36.29,35.6875,35.715,0,1,0,0,0,0,0,0,0,0,0,0,1,36.99,test
24.1,30.1,0.72,0.8825,35.5325,35.655,34.5825,34.54,35.59,35.5,35.5875,35.6125,35.715,35.6875,35.6825,35.735,35.3425,35.1775,35.7325,35.715,34.98,34.86,34.695,34.52,34.8575,35.7175,35.4325,36.065,35.93,35.9525,1,1,0,0,0,0,0,0,1,0,0,0,0,37.09,test
22.8,43.0,0.72,0.8925,34.885,34.9025,34.525,34.4325,34.96,34.915,34.8225,34.9925,35.0125,35.0125,34.475,35.035,34.4425,34.0275,35.2975,35.275,34.14,34.0875,34.2275,34.12,34.3425,35.165,34.7475,35.7325,35.5375,35.565,0,1,0,0,0,0,0,0,1,0,0,0,0,36.74,test
23.7,15.0,0.65,0.9525,35.71,35.6225,35.26,34.77,35.72,35.6825,35.7075,35.7525,35.6,35.58,35.48,35.6325,35.63,35.43,35.7525,35.72,34.4,33.86,34.7,34.3225,34.4925,35.33,35.0775,35.9,35.785,35.845,1,0,0,0,0,0,0,0,1,0,0,0,0,36.89,test
22.7,20.1,0.7,0.805,34.79,35.125,34.3375,34.7425,34.815,34.795,34.7125,34.835,35.1125,35.1125,34.69,35.14,34.3175,34.3575,35.14,35.11,33.45,34.13,33.7875,33.31,33.5875,34.6625,34.49,35.8125,35.785,35.8125,0,1,0,0,0,0,0,0,0,0,1,0,0,36.79,test
23.9,14.8,0.68,1.0475,35.1375,35.24,34.59,34.52,35.1225,35.115,34.9825,35.1475,35.245,35.245,35.1225,35.26,34.685,34.875,35.26,35.2475,34.565,34.245,34.415,34.28,34.5725,35.5075,34.855,35.9075,35.695,35.7475,0,1,0,0,0,0,0,0,0,0,0,1,0,36.69,test
24.4,12.3,0.6,0.89,34.9325,35.19,32.39,34.0075,35.185,34.96,35.185,35.22,35.3625,35.2275,35.3625,35.3875,34.2875,34.845,35.385,35.365,34.085,34.4775,34.5125,34.015,34.145,35.3325,34.795,35.685,35.4475,35.4825,0,0,0,0,1,0,0,0,0,0,0,0,1,36.84,test
24.3,19.0,0.6,0.9525,34.9575,35.0625,34.285,34.49,35.0,34.89,34.975,35.04,35.1275,34.925,35.1275,35.1825,34.57,34.76,35.1825,35.14,34.525,33.9925,33.915,34.1075,34.6425,35.33,34.805,35.575,35.2,35.25,1,0,0,0,0,0,0,0,1,0,0,0,0,36.89,test
23.2,13.4,0.68,0.915,35.74,35.2725,35.115,34.86,35.74,35.74,35.6,35.7675,35.37,35.37,35.1375,35.3975,35.2025,34.7025,35.7675,35.74,35.13,35.1925,35.03,35.0,35.0875,35.76,35.46,36.0125,35.835,35.8675,0,1,0,0,0,0,0,0,0,0,0,0,1,36.94,test
25.4,43.2,0.63,1.4975,35.97,35.4025,35.5075,35.0725,35.95,35.95,35.7125,35.9775,35.4075,35.4075,35.1875,35.4175,35.6325,34.865,35.9775,35.95,34.6825,34.7275,34.6875,34.61,34.68,35.5425,35.165,36.3125,36.23,36.265,0,0,0,0,0,0,0,0,1,0,0,0,0,37.24,test
24.6,17.4,0.6,1.005,35.92,36.0225,35.335,35.47,35.9025,35.9,35.735,35.92,36.0025,36.0,35.92,36.0275,35.505,35.5825,36.0325,36.0125,34.8525,34.7725,34.7725,34.71,35.0125,35.9775,35.31,36.19,35.9775,36.0175,0,1,0,0,0,0,0,0,0,0,0,0,1,37.09,test
23.4,35.1,0.78,0.915,35.38,35.8025,34.7875,35.4075,35.38,35.32,35.2525,35.41,35.7625,35.7625,35.51,35.805,35.1175,35.315,35.8025,35.7625,34.03,33.6975,33.85,34.085,33.6675,34.64,34.4175,36.17,36.13,36.1575,0,0,0,0,1,0,0,0,0,0,0,1,0,36.99,test
25.7,50.8,0.6,1.2225,35.6425,35.6525,34.8575,35.005,35.7525,35.6575,35.7375,35.775,35.8025,35.645,35.7975,35.8225,35.5,35.4475,35.825,35.805,35.1075,35.3475,35.4,35.1375,35.275,35.8525,35.7475,36.0675,35.6775,35.71,0,1,0,0,0,0,0,0,1,0,0,0,0,36.99,test
23.6,20.1,0.6,1.0075,35.2225,35.3725,34.855,34.7525,35.345,35.1575,35.345,35.3725,35.435,35.3625,35.3825,35.48,34.9025,35.1125,35.56,35.54,34.9025,35.0525,34.84,34.69,35.09,35.5325,35.4825,35.6175,35.055,35.085,1,1,0,0,0,0,0,0,1,0,0,0,0,36.79,test
23.4,34.8,0.6,0.57,35.335,35.3875,34.6975,34.8075,35.32,35.32,35.085,35.345,35.375,35.375,35.1325,35.3925,34.725,34.7825,35.3925,35.375,34.71,34.4875,34.64,34.5825,34.495,35.17,35.025,35.6625,35.54,35.57,1,1,0,0,0,0,0,0,0,0,0,0,1,36.84,test
22.8,21.7,0.7,0.8025,34.665,34.9225,33.6,34.2625,34.9275,34.6975,34.9225,34.965,34.9175,34.9025,34.855,34.9575,34.4,34.665,35.035,35.0125,33.0975,33.175,33.325,33.27,33.185,34.1525,33.8875,35.28,34.815,34.845,0,0,0,1,0,0,0,0,0,0,0,0,0,36.54,test
24.8,21.0,0.6,0.84,35.55,35.4725,34.765,35.0225,35.6575,35.58,35.63,35.6825,35.59,35.46,35.59,35.62,35.2975,35.3275,35.685,35.6675,34.4525,34.375,34.17,34.7775,34.3475,35.6725,35.1125,36.11,35.825,35.8425,0,0,0,0,0,0,0,0,0,1,0,0,0,37.29,test
22.9,22.5,0.8,0.9225,34.87,34.6275,33.8575,34.0525,34.915,34.7725,34.855,34.9525,34.605,34.605,34.075,34.63,34.6875,33.385,34.9525,34.915,33.1825,33.7775,32.97,33.05,33.74,35.14,34.17,35.63,35.5725,35.5975,1,0,0,0,0,0,0,0,0,1,0,0,0,36.59,test
23.5,21.6,0.9,0.95,37.325,36.7075,36.3625,35.95,37.3175,37.28,37.29,37.37,36.7275,36.72,36.605,36.7425,37.175,36.2675,37.37,37.3175,35.6625,35.56,35.0575,35.705,35.6575,36.1725,36.0425,37.57,37.2475,37.2775,1,1,0,0,0,0,0,0,0,0,0,0,1,38.69,test
25.6,27.2,0.6,1.095,36.15,35.9225,35.4775,35.465,36.1375,36.12,36.0925,36.165,35.915,35.91,35.7925,35.9375,35.9125,35.6275,36.165,36.1375,35.0125,35.14,34.9075,35.1125,35.1825,35.43,35.405,36.465,36.4175,36.445,0,0,0,0,0,0,0,0,0,0,0,1,0,37.49,test
23.4,16.0,0.6,0.5575,35.4075,35.505,34.8475,34.74,35.4625,35.4625,35.125,35.4925,35.5175,35.5175,35.3175,35.5475,34.9025,34.835,35.585,35.5625,34.3875,34.095,34.425,34.2,34.235,35.06,34.675,35.81,35.73,35.7525,0,0,0,0,0,0,0,0,0,0,0,0,1,37.09,test
24.5,39.2,0.6,0.89,35.19,35.2375,34.8475,34.9725,35.17,35.15,34.97,35.195,35.2325,35.22,35.135,35.255,34.8325,35.0375,35.255,35.235,34.17,34.22,34.3,34.005,34.1875,35.0975,34.54,35.4425,35.08,35.0975,0,0,0,0,0,0,0,0,0,1,0,0,0,36.84,test
26.0,16.1,0.65,1.28,35.775,35.6875,35.2075,34.8375,35.795,35.79,35.7075,35.8225,35.7125,35.7125,35.2125,35.7575,35.4725,34.8,35.8275,35.805,35.1575,35.67,35.1625,35.08,35.3675,36.1275,35.8725,36.29,35.84,35.8525,0,0,0,0,0,0,0,0,0,0,0,0,1,37.34,test
20.8,57.0,0.6,0.565,35.0975,34.935,34.45,34.1425,35.1275,34.99,35.08,35.165,34.9025,34.8925,34.8375,34.9375,34.8625,34.7875,35.1625,35.125,33.295,33.56,33.0325,33.5125,34.055,35.02,34.3125,35.555,35.29,35.31,0,0,0,0,0,0,0,0,0,0,0,0,1,36.99,test
23.1,44.0,0.62,0.73,36.245,36.6025,35.51,36.11,36.2175,36.2075,36.1225,36.2525,36.6,36.6,36.3375,36.645,35.9125,36.085,36.645,36.6,35.0075,34.9875,34.87,34.9425,35.15,35.7175,35.4025,37.21,37.19,37.21,0,1,0,0,0,0,0,0,0,0,0,0,1,37.74,test
24.0,19.4,0.7,0.9,35.45,35.71,34.275,34.75,35.495,35.425,35.48,35.53,35.695,35.665,35.645,35.73,35.105,35.295,35.73,35.695,34.215,34.845,34.0,33.975,34.055,35.17,35.115,35.73,35.315,35.345,1,1,0,0,0,0,0,0,0,0,0,0,1,36.69,test
22.3,13.0,0.8,0.6575,35.13,35.16,34.075,33.35,35.195,35.195,34.9325,35.2275,35.2925,35.2925,34.885,35.32,34.59,34.4775,35.32,35.2925,34.3375,34.775,34.325,33.9925,34.3525,35.085,34.895,35.5975,34.965,35.025,1,0,0,0,0,0,0,0,0,1,0,0,0,36.79,test
24.1,20.3,0.7,0.8125,36.745,37.075,36.025,36.5175,36.745,36.65,36.74,36.76,37.0525,37.0525,36.7225,37.075,36.5925,36.7425,37.075,37.0525,35.8825,35.805,35.5975,35.6725,35.76,36.2725,36.1325,37.075,36.245,36.2675,1,0,0,0,0,0,0,0,0,0,0,0,1,37.89,test
23.9,15.6,0.6,0.92,35.485,35.505,35.0725,34.9425,35.54,35.43,35.2175,35.5875,35.6,35.6,35.1425,35.63,35.075,35.0575,35.6525,35.6175,34.405,34.6975,34.295,34.5725,34.0925,35.0775,34.9675,35.78,35.4925,35.5175,1,0,0,0,1,0,0,0,1,0,0,0,0,36.74,test
23.6,16.0,0.6,0.845,35.08,35.3975,34.4875,34.8275,35.0775,35.0675,35.065,35.085,35.37,35.37,34.88,35.3975,34.3525,34.35,35.3975,35.37,33.96,34.285,34.265,33.935,34.2125,35.4,34.6325,36.27,36.25,36.27,1,1,0,0,0,0,0,0,0,1,0,0,0,37.09,test
24.0,19.8,0.6,1.27333333,34.9,34.9066667,34.4033333,34.64,35.0,34.97,34.6533333,35.0233333,34.89,34.89,34.7066667,34.9066667,34.3566667,34.4466667,35.0266667,35.0,33.49,33.75,34.02,33.8566667,33.54,35.0566667,34.3533333,35.36,34.9933333,35.0233333,1,0,0,1,0,0,0,0,1,0,0,0,0,36.79,test
23.3,19.3,0.6,1.185,35.1275,35.6375,33.9975,34.3025,35.235,35.105,35.23,35.2575,35.615,35.6125,35.4275,35.67,34.9325,34.7425,35.7125,35.67,34.5425,34.5375,34.45,34.545,34.775,35.665,35.1,36.03,35.985,36.0025,0,0,0,0,1,0,0,0,0,0,0,0,1,37.24,test
23.8,15.2,0.6,1.01,35.9325,35.74,35.015,34.9025,35.98,35.9075,35.96,36.005,35.7725,35.735,35.7375,35.82,35.46,35.3525,36.005,35.98,34.2875,34.29,34.505,34.065,34.51,35.01,34.83,36.2375,36.13,36.17,0,0,0,0,0,0,0,0,0,0,0,0,1,37.04,test
23.9,56.8,0.69,1.0475,35.485,35.675,35.1225,35.275,35.705,35.5175,35.7,35.7525,35.665,35.645,35.45,35.6875,35.1275,35.37,35.77,35.74,34.3675,34.4575,34.3575,34.7075,34.735,35.6575,35.4,36.345,36.2525,36.2975,0,1,0,0,0,0,0,0,1,0,0,0,0,37.34,test
28.7,27.2,0.7,1.8,35.8625,35.9425,35.47,35.41,35.945,35.945,35.815,35.9725,36.135,36.135,35.9,36.165,35.57,35.5625,36.1725,36.1475,35.48,35.6275,35.3675,35.5175,35.5125,36.0475,35.8,36.3475,36.195,36.21,0,0,1,0,0,0,0,0,0,1,0,0,0,36.99,test
23.5,48.2,0.6,0.755,35.64,35.5225,34.8375,35.115,35.7075,35.6275,35.6975,35.7275,35.495,35.485,35.315,35.5225,35.4925,35.0625,35.725,35.7075,34.3275,34.3125,34.2875,34.46,33.865,35.095,34.61,35.895,35.2975,35.3275,0,0,0,0,0,0,0,0,0,0,1,0,0,36.74,test
23.4,13.2,0.72,0.6775,35.02,34.8825,34.6075,34.49,34.9975,34.9975,34.6375,35.02,34.9625,34.9625,34.485,34.995,34.5325,34.2675,35.045,35.0325,34.72,34.4775,34.6425,34.37,34.7075,35.125,35.015,35.3825,34.9575,34.9875,0,0,0,0,0,0,0,0,1,0,0,0,0,36.19,test
21.4,25.4,0.78,0.45,34.2725,35.0025,33.0725,33.925,34.3,34.2525,34.1975,34.325,35.08,35.05,34.895,35.125,33.8725,34.0875,35.1225,35.0775,33.8775,33.39,33.135,33.9325,33.7875,34.8225,34.2775,35.2575,34.57,34.6,0,1,0,0,0,0,0,0,0,0,0,0,1,36.19,test
23.5,32.7,0.65,0.69,35.4575,34.93,34.295,34.2975,35.7575,35.4275,35.7575,35.82,34.98,34.935,34.74,35.015,35.1325,34.4975,35.82,35.7575,34.4175,34.3825,34.6325,34.415,34.6325,35.5125,35.055,36.1575,35.9775,35.9975,0,0,0,0,0,0,0,0,0,0,0,0,1,37.04,test
21.8,25.3,0.78,0.7125,35.82,35.6425,35.4725,35.2425,35.8025,35.8025,35.505,35.82,35.6375,35.6175,35.43,35.6625,35.4825,35.1925,35.82,35.8025,34.47,34.3925,34.3825,34.5225,34.8,35.1625,35.005,36.0275,35.55,35.5775,1,0,0,0,0,0,0,0,0,0,0,0,1,37.59,test
24.2,18.2,0.6,1.15,35.485,35.9375,34.925,35.3775,35.6425,35.595,35.6325,35.665,35.93,35.93,35.6525,35.9725,34.9075,35.2125,35.9725,35.93,34.9725,34.97,35.09,34.975,34.94,35.6625,35.385,36.535,36.5125,36.535,0,0,0,0,1,0,0,0,0,1,0,0,0,37.24,test
24.1,15.6,0.62,0.555,36.1125,36.2375,35.535,35.81,36.1875,36.1875,35.6375,36.2,36.205,36.205,35.7775,36.24,35.4275,35.6525,36.2525,36.2275,35.4925,35.155,35.2175,35.4225,35.3075,36.1875,35.6525,36.72,36.6775,36.72,0,0,0,0,0,0,0,0,0,0,0,0,1,37.69,test
25.1,29.6,0.6,1.0875,36.085,35.7925,35.69,35.35,36.0475,36.035,35.925,36.095,35.79,35.7625,35.6375,35.8275,35.9025,35.565,36.095,36.0475,35.3375,35.4025,35.36,35.285,35.185,35.64,35.565,36.315,36.2,36.225,1,0,0,0,0,0,0,0,0,0,0,0,1,36.79,test
24.8,24.0,0.6,1.09,35.565,35.625,34.995,35.2125,35.5325,35.53,35.3625,35.5675,35.6225,35.6225,35.1975,35.6425,35.015,35.0325,35.6425,35.625,34.85,35.015,34.9325,34.7325,34.7275,35.5125,35.2375,35.925,35.8675,35.895,1,1,0,0,0,0,0,0,0,0,0,0,0,36.94,test
25.1,26.2,0.61,1.0175,35.4925,35.4825,35.06,34.6975,35.4925,35.475,35.45,35.51,35.56,35.4925,35.4725,35.615,35.16,35.3325,35.61,35.5725,34.6975,34.75,34.8325,34.7625,34.705,35.57,35.315,36.4625,36.4375,36.4625,0,0,0,0,0,0,0,0,0,0,0,0,1,37.14,test
24.7,45.2,0.6,0.02,35.2925,35.27,34.8875,34.8025,35.285,35.27,35.235,35.3,35.2725,35.2725,34.9875,35.29,35.1025,34.7425,35.32,35.2975,34.0775,34.235,34.065,33.9425,34.255,35.01,34.6325,35.62,35.57,35.6175,1,0,0,0,0,0,0,0,0,0,0,0,1,36.69,test
24.2,48.3,0.6,1.0625,35.84,35.575,35.3925,35.3325,35.8025,35.8025,35.4775,35.84,35.55,35.55,35.4075,35.5825,35.365,35.2325,35.84,35.8025,34.915,34.735,34.7875,34.73,34.825,35.545,35.1075,36.2775,36.25,36.2775,0,1,0,0,0,0,0,0,0,0,0,0,1,37.09,test
26.2,48.5,0.6,1.795,35.8675,35.82,34.8225,35.1375,35.9125,35.8725,35.895,35.9425,35.8625,35.825,35.85,35.885,35.3725,35.295,36.005,35.985,35.2625,35.2,35.38,34.9125,35.3075,36.1125,35.68,36.175,36.0125,36.0375,0,0,0,0,1,0,0,0,1,0,0,0,0,36.89,test
25.2,43.8,0.6,1.39,35.39,35.27,34.84,35.0125,35.3925,35.3775,35.2875,35.4225,35.255,35.25,35.1025,35.27,35.195,34.9325,35.4225,35.3925,34.3225,34.5675,34.2875,34.2275,34.0125,35.0825,34.9125,35.56,35.2725,35.2925,1,1,0,0,0,0,0,0,1,0,0,0,0,36.79,test
24.3,22.4,0.6,0.91666667,35.4333333,35.4933333,34.98,35.05,35.4066667,35.4066667,35.0033333,35.4333333,35.47,35.47,35.33,35.4933333,34.8933333,35.2033333,35.5133333,35.4866667,34.3333333,34.2466667,34.6,34.2866667,34.59,35.0766667,34.8933333,35.89,35.7166667,35.75,0,0,0,0,0,0,0,0,0,0,0,0,1,36.94,test
25.0,31.3,0.6,0.995,35.8625,36.18,35.0875,35.79,36.0325,35.835,35.9975,36.0725,36.2225,36.17,36.21,36.2625,35.705,36.045,36.2625,36.2225,34.585,34.5025,34.0425,34.535,34.41,35.305,34.915,36.325,36.0425,36.0775,0,0,0,0,0,0,0,0,0,0,0,0,1,36.89,test
24.5,31.8,0.7,1.1575,36.2725,36.1125,35.6475,35.595,36.2275,36.225,36.1575,36.2725,36.105,36.105,35.875,36.125,36.0,35.5975,36.2725,36.2275,34.7875,34.69,34.6025,34.6475,34.755,35.8675,35.31,36.52,36.4825,36.5075,0,1,0,0,0,0,0,0,0,0,0,0,1,37.54,test
24.7,30.7,0.6,0.73,35.0475,35.075,34.26,34.45,35.345,35.01,35.3425,35.395,35.3525,35.065,35.3275,35.395,34.8775,34.965,35.4775,35.45,32.8725,32.6275,33.295,33.455,33.4425,34.4975,34.485,36.555,36.515,36.545,0,0,0,0,0,0,0,0,1,0,0,0,0,37.09,test
25.5,33.1,0.7,1.2375,35.1575,35.665,34.17,34.7925,35.3325,35.3325,35.17,35.3575,35.6725,35.6725,35.25,35.705,34.7875,35.055,35.705,35.6725,34.5,34.8775,34.575,34.495,34.4325,35.275,35.0875,35.77,35.01,35.0425,0,0,0,0,0,0,0,0,0,0,0,0,1,36.89,test
23.6,13.8,0.71,0.7525,35.9575,35.595,35.375,34.9925,35.9375,35.9375,35.4725,35.9575,35.635,35.635,35.1775,35.6725,34.95,34.78,35.9575,35.9375,34.69,34.8975,34.55,34.8,34.2125,35.205,35.175,36.2275,36.1325,36.1725,1,1,0,0,0,0,0,0,0,0,0,0,1,36.89,test
23.5,16.7,0.6,0.705,35.3175,35.5375,34.815,35.0425,35.4175,35.2925,35.4175,35.4475,35.4925,35.4925,35.2075,35.5475,35.1975,34.92,35.5575,35.515,34.325,34.5525,34.46,34.685,34.56,35.805,35.1,35.895,35.72,35.735,0,0,0,0,0,0,0,0,0,1,0,0,0,36.74,test
25.3,26.4,0.6,0.8225,36.0075,35.845,35.605,35.2575,36.0,35.98,35.9125,36.035,35.8675,35.8625,35.735,35.885,35.78,35.505,36.035,36.0,34.995,35.145,34.7275,35.185,34.215,35.46,35.4225,36.035,35.12,35.1275,1,0,0,0,0,0,0,0,0,0,0,0,1,36.99,test
26.3,55.2,0.6,1.315,36.395,35.91,35.355,35.2425,36.385,36.365,36.355,36.41,35.91,35.8925,35.8675,35.9375,36.305,35.1425,36.41,36.385,35.3125,34.645,35.0975,34.8775,35.44,35.7275,35.645,36.6425,36.5825,36.6225,0,1,0,0,0,0,0,0,0,0,0,0,1,37.74,test
24.1,20.5,0.6,0.8675,35.8775,35.73,35.3125,34.96,35.925,35.8425,35.9225,35.95,35.7325,35.7325,35.6175,35.785,35.76,35.3775,35.95,35.925,34.8625,34.6625,34.67,34.665,34.8625,35.3875,35.3525,36.045,35.8975,35.93,1,1,0,0,0,0,0,0,0,0,0,0,1,37.14,test
24.3,13.3,0.6,0.625,35.3,35.36,35.035,34.9675,35.3025,35.2775,35.2275,35.325,35.365,35.305,35.16,35.3975,34.9425,34.975,35.4325,35.3925,34.455,34.165,34.3775,34.365,34.86,35.3625,35.085,35.9025,35.6175,35.665,0,0,0,0,0,0,0,0,1,0,0,0,0,37.04,test
23.4,17.8,0.6,0.885,35.21,35.035,34.1325,34.18,35.2975,35.1725,35.2625,35.33,35.005,35.0,34.8825,35.035,35.015,34.7725,35.33,35.3,33.7725,34.085,33.7725,34.035,34.035,35.0225,34.5775,35.6675,35.3375,35.3575,0,1,0,0,0,0,0,0,0,1,0,0,0,36.99,test
22.4,21.8,0.73,0.5925,35.5525,35.3925,33.975,34.355,35.66,35.515,35.6475,35.6825,35.4325,35.3725,35.395,35.4525,35.185,34.74,35.6825,35.6575,34.5975,34.835,34.71,34.2025,35.1925,35.6725,35.3,36.06,35.61,35.6575,0,0,0,1,0,0,0,0,1,0,0,0,0,36.84,test
25.6,50.9,0.6,1.01,35.515,35.82,34.6675,35.3175,35.585,35.55,35.5525,35.6075,35.805,35.8,35.6425,35.8225,35.0625,35.4925,35.8225,35.805,34.85,34.505,34.9175,34.6325,35.07,35.58,35.2925,36.09,36.04,36.0825,1,0,0,0,0,0,0,0,1,0,0,0,0,36.74,test
24.0,50.8,0.6,1.0,35.655,35.6,34.9775,35.235,35.7525,35.5625,35.69,35.7825,35.595,35.5925,35.495,35.6175,35.48,35.3425,35.78,35.7525,34.39,34.6025,34.7475,34.1575,34.295,35.585,34.8975,35.8975,35.645,35.6675,1,0,0,1,0,0,0,0,1,0,0,0,0,36.84,test
25.9,48.8,0.6,1.5225,35.705,35.6625,35.2075,35.085,35.6875,35.68,35.6475,35.725,35.715,35.64,35.635,35.7375,35.5025,35.5075,35.75,35.7325,34.8225,35.1825,34.5675,34.8125,34.8825,35.4825,35.4225,35.8925,35.8325,35.8525,0,0,0,0,0,0,0,0,0,0,0,1,0,37.09,test
23.5,17.6,0.63,0.99,35.8866667,35.58,35.3233333,35.1866667,35.8333333,35.8333333,35.35,35.89,35.5266667,35.5266667,35.3466667,35.5833333,35.27,35.2133333,35.89,35.8333333,34.3566667,34.24,34.52,34.14,34.8766667,35.33,35.1566667,36.1166667,35.5233333,35.5566667,0,1,0,0,0,0,0,0,1,0,0,0,0,36.79,test
23.4,13.8,0.6,1.0975,35.2275,35.335,34.9275,34.985,35.245,35.2125,35.1825,35.265,35.3,35.295,35.16,35.3375,35.0,35.125,35.49,35.4625,34.6225,35.0075,34.5825,34.53,34.8825,35.625,35.3775,36.1075,36.0225,36.065,0,0,0,0,0,0,0,0,1,0,0,0,0,36.99,test
23.8,24.4,0.65,1.27,35.7433333,35.7233333,35.1033333,35.1833333,35.7566667,35.6433333,35.6833333,35.81,36.0233333,35.6766667,36.0233333,36.08,35.4233333,35.5866667,36.08,36.0333333,35.1933333,35.1333333,35.41,35.1,35.3,35.82,35.7133333,36.08,35.6233333,35.67,0,0,0,0,0,0,0,0,0,0,0,0,1,36.94,test
24.1,25.9,0.79,0.965,35.715,35.4,35.2475,34.9625,35.7225,35.7225,35.2,35.76,35.385,35.385,35.16,35.4025,35.0075,34.7825,35.76,35.72,34.3625,34.2125,34.4175,34.445,34.405,34.9525,34.8075,36.0325,35.9775,36.0175,0,1,0,0,0,0,0,0,0,1,0,0,0,36.84,test
28.6,49.2,0.6,2.535,38.0825,38.0425,37.575,37.68,38.1125,38.065,38.1025,38.145,38.0425,38.0375,37.96,38.0525,37.8325,37.8275,38.145,38.1125,37.125,37.075,37.165,37.2125,37.3675,38.0025,37.6325,38.145,37.875,37.9025,1,1,0,0,0,0,0,0,0,0,0,0,1,39.54,test
23.9,19.3,0.64,0.905,35.975,36.2975,35.2325,35.505,36.065,36.06,36.0125,36.0825,36.325,36.325,36.205,36.3525,35.65,36.0225,36.355,36.33,35.21,35.325,35.2575,35.17,35.4225,36.145,35.6225,37.0325,36.9925,37.0325,1,1,0,0,0,0,0,0,0,1,0,0,0,37.94,test
24.5,23.1,0.6,1.11,35.535,35.2125,34.7475,34.8475,35.515,35.5025,35.4675,35.5475,35.2,35.2,34.88,35.2125,35.4275,34.9075,35.5475,35.515,33.5875,33.5575,33.5675,33.48,33.9975,35.14,34.145,35.5925,35.365,35.395,0,0,0,0,0,0,0,0,0,0,0,0,1,36.89,test
25.1,49.2,0.6,1.5125,36.3,36.4375,35.9125,36.09,36.27,36.2625,36.15,36.3025,36.4275,36.4275,36.1275,36.46,36.015,36.0775,36.46,36.4275,35.285,35.215,35.285,35.285,35.12,35.76,35.625,36.69,36.505,36.5275,1,1,0,0,0,0,0,0,0,0,0,0,1,37.59,test
25.5,25.5,0.66,1.09,37.5725,37.9225,37.2325,37.6725,37.5575,37.5575,37.31,37.5725,37.8875,37.8875,37.645,37.9225,37.2,37.675,37.9225,37.8875,36.5875,36.1825,35.9475,36.4975,36.41,37.29,36.71,37.9425,37.3975,37.445,1,0,0,0,0,0,0,0,0,0,0,0,1,38.84,test
23.5,43.3,0.54,0.9825,35.5975,35.93,34.655,35.485,35.63,35.5775,35.6125,35.6475,35.9675,35.915,35.9475,36.0025,35.3925,35.7525,36.0025,35.9675,34.515,34.5075,34.81,34.3725,34.1825,35.0775,34.96,36.0325,35.5425,35.5875,1,0,0,0,0,0,0,0,0,0,0,0,1,36.49,test
23.8,23.8,0.6,1.0075,36.04,36.22,35.4775,35.7725,36.035,36.0125,36.0175,36.0575,36.2175,36.2175,36.0925,36.24,35.7875,35.6525,36.2375,36.2175,34.795,34.56,34.88,34.6875,35.0475,35.605,35.3625,36.365,36.045,36.065,0,1,0,0,0,0,0,0,0,0,0,0,1,36.79,test
20.8,58.7,0.7,0.4775,35.6625,35.995,35.2475,35.5025,35.6325,35.6325,35.3525,35.6625,35.9625,35.9625,35.4825,35.995,35.18,35.2325,35.995,35.96,33.8325,34.35,34.485,34.0325,34.1925,35.6625,35.19,36.7425,36.7075,36.7425,0,0,0,0,0,0,0,0,0,1,0,0,0,37.49,test
23.1,48.2,0.65,0.715,35.2625,35.305,34.5625,34.8,35.315,35.2125,35.295,35.3425,35.27,35.27,35.07,35.305,35.135,34.8725,35.3675,35.335,34.28,34.3325,34.1975,34.1625,34.4675,35.1975,34.6225,35.545,35.38,35.42,0,0,0,0,0,0,0,0,0,1,0,0,0,36.59,test
23.8,29.5,0.6,0.17,35.735,35.365,35.37,35.1275,35.715,35.715,35.41,35.735,35.455,35.375,35.3725,35.4775,35.2075,35.11,35.735,35.715,35.07,35.1475,35.205,34.575,32.855,35.5725,35.41,35.8675,35.5875,35.6475,1,1,0,0,0,0,0,0,1,0,0,0,0,36.84,test
23.7,31.5,0.78,0.7375,35.2675,35.48,34.9575,35.16,35.555,35.2625,35.555,35.6125,35.5625,35.475,35.545,35.5975,34.7825,35.25,35.6725,35.6075,34.915,34.92,34.6975,34.69,33.8,35.645,35.38,36.2675,36.2025,36.24,1,0,0,0,0,0,0,0,1,0,0,0,0,36.94,test
26.2,48.5,0.6,1.5325,36.7325,36.9875,36.2425,36.2975,36.8975,36.725,36.8975,36.9375,37.005,37.005,36.665,37.0525,36.55,36.315,37.0525,37.01,36.49,36.475,36.5525,36.32,36.48,36.71,36.71,37.2825,37.1825,37.205,0,1,0,0,0,0,0,0,0,0,1,0,0,38.24,test
24.3,50.4,0.6,0.9025,35.82,35.755,35.3175,35.3775,35.86,35.81,35.845,35.8825,35.75,35.745,35.675,35.765,35.69,35.495,35.8825,35.8625,35.2875,35.025,35.0,35.055,35.2325,35.8425,35.5275,36.2375,36.1975,36.2375,0,0,0,0,0,0,0,0,0,0,0,0,1,37.44,test
23.4,33.8,0.69,0.86666667,36.8366667,36.5866667,35.8266667,35.87,36.9533333,36.8266667,36.95,36.98,36.5733333,36.55,36.31,36.5866667,36.6433333,36.2433333,36.98,36.9533333,35.9266667,36.0333333,35.9433333,35.8333333,35.8933333,36.6533333,36.48,37.4566667,37.3066667,37.3233333,1,0,0,0,0,0,0,0,0,0,0,0,1,38.54,test
23.2,27.2,0.8,0.85,35.055,34.94,34.1175,34.445,35.06,35.035,34.985,35.08,34.975,34.9625,34.88,34.9975,34.7475,34.4825,35.095,35.07,34.2675,34.1,34.3825,34.0425,34.475,35.095,34.71,35.5725,35.1625,35.18,0,0,0,0,0,0,0,0,1,0,0,0,0,36.59,test
24.1,15.6,0.62,0.7675,37.62,37.13,37.1625,36.53,37.695,37.5675,37.69,37.74,37.14,37.075,37.0625,37.1825,37.4725,36.83,37.74,37.695,36.81,36.51,36.43,36.53,35.42,37.51,36.9975,37.975,37.595,37.645,1,0,0,0,0,0,0,0,1,0,0,0,0,39.34,test
22.7,45.0,0.7,1.0025,35.1,35.1575,34.555,34.55,35.36,35.02,35.255,35.4075,35.335,35.0875,35.3125,35.38,34.77,34.905,35.45,35.4075,34.4025,34.59,34.6775,34.18,34.625,35.66,35.0425,35.8625,35.38,35.4075,0,1,0,0,0,0,0,0,1,0,0,0,0,37.04,test
25.1,50.2,0.73,1.2875,35.54,35.265,34.8825,34.8575,35.57,35.5025,35.5625,35.5975,35.315,35.255,35.31,35.3325,35.4075,35.13,35.625,35.6025,35.04,35.035,34.9,34.7175,34.42,35.585,35.2875,35.72,35.14,35.1625,1,1,0,0,0,0,0,0,0,0,0,0,1,36.24,test
24.4,12.3,0.6,1.14,35.6475,35.435,34.78,34.72,35.6325,35.625,35.535,35.66,35.4275,35.4275,35.3025,35.4575,35.3875,34.945,35.66,35.6325,34.8325,34.6925,34.91,34.6075,35.0275,35.3225,35.2575,35.72,35.0225,35.035,1,0,0,0,0,0,0,0,0,0,0,0,1,36.49,test
26.9,29.0,0.62,1.9225,35.865,36.2775,35.54,36.04,35.9225,35.895,35.895,35.9375,36.265,36.2475,36.1875,36.295,35.7025,35.9175,36.295,36.265,35.5225,35.6675,35.67,35.5525,35.7475,36.3525,35.9725,36.6375,36.5275,36.565,0,0,0,1,0,0,0,0,0,0,0,0,1,37.59,test
23.4,17.9,0.75,1.2725,35.4275,35.79,34.3225,35.155,35.475,35.3925,35.4525,35.5125,35.7725,35.755,35.6025,35.8025,35.195,35.4475,35.8025,35.7725,34.345,34.4925,34.575,34.3825,34.4775,34.98,34.855,35.8025,35.0925,35.1125,0,0,0,0,0,0,0,0,0,0,0,1,0,36.99,test
24.6,24.4,0.7,1.12,35.79,35.775,35.4525,35.3975,35.8375,35.765,35.8275,35.8675,35.8125,35.7325,35.6975,35.8675,35.7,35.36,35.9875,35.9675,35.095,35.175,34.96,35.0575,35.28,35.9025,35.655,36.26,36.04,36.055,0,1,0,0,0,0,0,0,1,0,0,0,0,37.19,test
22.7,14.0,0.64,0.5525,35.68,35.35,35.3625,34.88,35.6575,35.6575,35.425,35.6825,35.355,35.3475,35.09,35.365,35.16,34.4775,35.68,35.6575,33.975,34.5875,34.4325,34.045,34.2975,35.365,34.8325,36.15,35.96,35.9975,0,0,0,0,0,0,0,0,0,1,0,0,0,37.14,test
24.3,22.9,0.65,0.98333333,35.69,35.39,35.11,34.7033333,35.68,35.68,35.5766667,35.69,35.38,35.38,35.25,35.42,35.35,34.93,35.69,35.68,34.4533333,34.8,34.42,34.2933333,34.5966667,35.1066667,34.9466667,35.79,35.7433333,35.7766667,0,1,0,0,0,0,0,0,0,0,0,0,1,36.89,test
23.6,17.3,0.6,0.7975,35.6825,35.5175,34.095,34.8125,35.68,35.68,35.57,35.7225,35.495,35.49,35.355,35.5175,34.8875,34.92,35.72,35.68,34.3775,34.55,34.6375,34.3425,34.605,35.8575,35.2475,36.1975,35.765,35.81,0,0,0,1,0,0,0,0,0,0,0,0,1,37.19,test
23.1,20.1,0.6,0.7475,35.46,35.0125,34.6,34.55,35.5375,35.4275,35.48,35.5625,34.9875,34.9825,34.7725,35.0125,35.2325,34.585,35.5625,35.5375,34.01,34.26,34.105,33.8525,34.4275,35.055,34.605,35.6425,35.53,35.5725,0,0,0,0,0,0,0,0,0,0,0,0,1,36.64,test
27.8,32.6,0.6,1.595,36.0125,36.1075,35.3625,35.48,36.07,35.9525,36.01,36.0875,36.165,36.06,36.12,36.1975,35.8275,35.8275,36.1975,36.1775,34.64,35.0225,34.735,34.9925,34.23,35.38,35.3725,36.5725,36.305,36.35,0,0,0,0,0,0,0,0,0,0,0,0,1,37.19,test
24.1,30.2,0.7,0.76,36.3175,36.23,35.5,35.8225,36.2775,36.2775,36.0775,36.3175,36.2225,36.22,36.1275,36.2525,35.815,36.0425,36.3175,36.2825,34.88,35.02,34.7,34.575,35.105,35.6925,35.555,36.5275,36.0125,36.0525,1,0,0,0,0,0,0,0,0,0,0,0,1,37.64,test
24.2,39.0,0.6,1.025,36.64,37.095,35.8175,36.17,37.13,36.5875,37.115,37.16,37.145,36.915,37.085,37.18,36.4325,36.7575,37.2025,37.17,35.63,35.93,36.0025,36.2125,34.25,36.595,36.505,37.6025,37.5825,37.6025,1,0,0,0,0,0,0,0,1,0,0,0,0,38.44,test
25.7,27.8,0.6,1.47,35.68,35.945,35.1775,35.585,35.6575,35.645,35.6125,35.6825,35.9275,35.9275,35.825,35.945,35.5,35.665,35.945,35.925,34.55,34.7875,34.7225,34.5575,34.7025,35.435,35.2325,36.01,35.5475,35.595,0,0,0,0,0,0,0,0,0,0,0,0,1,36.89,test
24.0,48.0,0.6,0.9875,35.5525,35.54,35.01,35.1125,35.555,35.5025,35.475,35.5825,35.53,35.5175,35.345,35.5625,35.2925,35.1925,35.6175,35.5925,34.29,34.43,34.0275,34.26,34.615,35.505,35.0875,35.73,35.625,35.65,0,0,0,0,0,0,0,0,1,0,0,0,0,37.09,test
23.7,13.3,0.67,0.9075,35.7375,35.4775,35.305,35.0575,35.9125,35.7325,35.8525,35.9575,35.6075,35.595,35.4,35.64,35.3375,35.0625,36.035,36.0125,34.54,34.4575,34.3575,34.3475,34.36,35.3725,34.905,36.2275,35.915,35.9625,1,0,0,0,0,0,0,0,1,0,0,0,0,37.09,test
22.4,22.2,0.74,0.6325,36.48,36.2175,36.025,35.78,36.44,36.44,36.0325,36.48,36.2,36.2,35.9125,36.2525,35.8975,35.7775,36.48,36.44,35.13,35.2075,35.155,34.985,35.5475,35.7675,35.705,36.5925,36.15,36.19,1,0,0,0,0,0,0,0,1,0,0,0,0,37.44,test
23.6,13.5,0.68,0.67,34.8325,35.2025,34.4275,34.7975,34.8775,34.8175,34.825,34.9025,35.2475,35.24,35.12,35.2725,34.4875,34.8825,35.4325,35.4075,34.3475,34.0375,34.195,34.325,34.3125,35.07,34.72,35.8225,35.35,35.3825,1,0,0,1,0,0,0,0,1,0,0,0,0,36.74,test
25.0,50.6,0.65,1.17,37.115,37.38,36.675,36.925,37.075,37.07,36.985,37.115,37.34,37.34,37.16,37.38,36.95,37.11,37.38,37.34,36.135,35.97,36.075,36.08,35.335,36.68,36.44,37.76,37.745,37.76,1,0,0,0,0,0,0,0,0,0,0,0,1,38.29,test
22.5,14.3,0.75,0.60666667,35.0333333,34.99,34.4566667,34.5733333,35.05,35.0133333,34.9266667,35.0933333,34.98,34.98,34.83,35.02,34.77,34.5066667,35.0966667,35.0633333,34.5133333,34.4833333,34.25,34.5633333,34.3633333,35.2633333,34.9166667,35.3866667,35.0066667,35.0566667,1,1,0,0,0,0,0,0,1,0,0,0,0,36.44,test
25.4,15.2,0.61,1.0575,35.7375,35.8625,35.38,35.5325,35.7275,35.7175,35.635,35.745,35.8325,35.8325,35.6,35.8625,35.39,35.445,35.8625,35.8375,34.465,34.4175,34.4525,34.345,34.625,35.385,35.0075,36.1025,35.83,35.865,0,1,0,0,0,0,0,0,1,0,0,0,0,36.89,test
22.9,45.0,0.74,0.9475,35.5575,35.405,34.44,34.8275,35.525,35.525,35.3525,35.5575,35.505,35.505,35.0875,35.5275,35.17,34.77,35.5775,35.55,34.665,34.5325,34.4475,34.19,34.5675,35.015,34.94,36.0225,35.93,35.9525,0,0,0,0,0,0,0,0,0,0,0,0,1,37.14,test
25.4,28.2,0.6,1.17,35.9925,36.0925,34.72,35.4275,36.0675,35.9575,36.0675,36.0925,36.0925,36.075,36.03,36.125,35.7125,35.66,36.1275,36.1075,35.4675,35.575,35.41,35.2825,35.5275,35.835,35.7275,36.3075,35.8075,35.8225,1,0,0,0,0,0,0,0,1,0,0,0,0,36.74,test
23.8,15.1,0.62,0.8525,35.34,35.365,34.4375,34.8025,35.31,35.2875,35.245,35.34,35.345,35.3425,35.1675,35.365,35.1375,35.0425,35.385,35.3675,33.9425,33.67,34.2825,33.71,34.265,34.9375,34.81,35.965,35.8025,35.8375,0,1,0,0,0,0,0,0,0,0,0,0,1,36.94,test
22.8,28.9,0.7,0.6875,35.0925,34.9925,34.53,34.645,35.4875,35.2025,35.4875,35.54,35.435,35.1025,35.435,35.4575,34.8625,34.8425,35.605,35.5725,34.32,34.635,34.7925,34.3375,34.265,35.4225,35.18,35.9625,35.92,35.94,0,1,0,0,0,0,0,0,1,0,0,0,0,37.04,test
23.2,15.0,0.6,0.635,34.585,34.835,34.1225,34.3275,35.0325,34.6925,35.0325,35.0575,35.0775,34.9225,35.02,35.115,34.32,34.4475,35.135,35.1025,34.45,34.3875,34.2775,34.435,34.4675,34.9525,34.9175,35.9875,35.9425,35.9875,0,1,0,0,0,0,0,0,1,0,0,0,0,36.94,test
24.2,17.6,0.6,1.0225,34.795,35.195,33.32,34.47,35.03,34.865,35.03,35.06,35.2125,35.2125,35.075,35.23,34.3875,34.74,35.2275,35.2125,34.2625,34.1,34.1775,33.9575,34.6575,35.455,34.79,35.75,35.1625,35.1975,0,0,0,0,0,0,0,0,0,0,1,0,0,36.69,test
24.0,26.0,0.8,0.8625,35.6525,35.5175,34.2775,34.8,35.685,35.6675,35.615,35.7175,35.5025,35.5025,35.295,35.53,35.3575,35.0925,35.7175,35.6825,34.9,34.8275,34.6475,34.82,34.67,35.345,35.2225,35.9125,35.86,35.885,0,0,1,0,0,0,0,0,0,0,0,0,1,37.34,test
24.5,24.7,0.7,1.1125,35.11,35.4825,33.71,34.4225,35.2975,35.0625,35.2675,35.3375,35.4725,35.4675,35.355,35.4925,34.7325,35.1275,35.49,35.4725,34.5825,34.575,34.6825,34.35,34.6975,35.43,35.03,35.58,35.3875,35.4125,1,0,0,1,0,0,0,0,0,0,0,0,1,36.59,test
24.7,60.2,0.6,1.9125,35.4175,35.405,35.19,35.135,35.3825,35.3825,35.295,35.4175,35.38,35.38,35.1325,35.4125,35.1675,35.05,35.44,35.4175,34.57,34.56,34.0275,34.485,34.7475,35.0575,34.9725,35.74,35.7075,35.74,0,1,0,0,0,0,0,0,0,0,0,0,1,36.89,test
23.5,11.9,0.6,0.7575,35.0225,34.9475,33.4675,33.7175,35.1125,35.075,34.8725,35.155,34.99,34.99,34.835,35.03,34.165,34.09,35.155,35.1125,33.2075,33.66,33.415,32.84,33.0925,35.2825,34.405,35.645,34.78,34.82,0,0,0,0,0,0,1,0,0,1,0,0,0,36.99,test
22.9,35.0,0.65,0.58,35.265,35.04,34.5125,34.7025,35.2425,35.2425,34.92,35.2925,35.0325,35.015,34.8825,35.0575,34.705,34.82,35.2925,35.2425,34.07,34.1775,33.9975,34.0,34.17,35.1125,34.5375,35.545,35.3275,35.36,0,0,0,0,0,0,0,0,0,0,0,0,1,36.44,test
23.2,17.2,0.6,0.6475,35.825,35.6625,34.7725,34.85,35.86,35.785,35.655,35.8825,35.6225,35.6225,35.35,35.6625,35.3,34.915,35.8825,35.86,34.6375,34.71,34.6525,34.495,34.64,35.3125,35.01,36.07,35.8925,35.9375,0,1,0,0,0,0,0,0,0,0,1,0,0,37.09,test
25.1,38.3,0.6,1.6425,35.865,36.305,35.345,35.845,35.915,35.845,35.9075,35.925,36.2875,36.2575,36.215,36.3275,35.6625,36.13,36.3775,36.34,35.425,35.425,35.355,34.515,35.4475,36.0525,35.705,36.3775,35.6875,35.7175,0,0,0,0,0,0,0,0,0,0,0,0,1,36.89,test
25.7,50.8,0.6,1.1775,36.1125,36.115,35.12,35.375,36.11,36.0875,36.075,36.145,36.14,36.105,36.1275,36.155,35.8725,35.825,36.1725,36.15,35.5025,35.4325,35.79,34.995,35.37,35.93,35.93,36.4375,36.3975,36.4375,0,1,0,0,0,0,0,0,0,0,1,0,0,36.99,test
28.2,48.4,0.6,1.7375,36.1125,36.1575,35.78,35.585,36.1225,36.1175,36.0675,36.1475,36.2075,36.2075,36.0075,36.2275,35.7925,35.6225,36.2375,36.215,35.6875,35.685,35.7425,35.6825,35.675,36.015,35.91,36.37,36.305,36.335,0,0,0,0,0,0,0,0,0,0,1,0,0,36.79,test
23.0,28.3,0.8,0.8875,34.8875,34.9575,34.1525,34.265,34.9725,34.9725,34.785,35.005,34.9875,34.9875,34.86,35.005,34.35,34.4025,35.11,35.075,34.1775,34.34,34.43,34.1,34.3375,35.83,34.5525,35.96,35.845,35.885,0,1,0,0,0,0,0,0,0,1,0,0,0,37.39,test
22.7,18.4,0.75,0.775,34.3625,34.8425,33.3525,34.325,34.7875,34.54,34.7875,34.865,34.8275,34.8275,34.57,34.8675,34.0475,34.5075,34.915,34.8575,34.1925,34.3325,33.55,34.23,34.43,35.21,34.64,35.5675,34.3075,34.3525,1,0,0,0,0,0,0,0,0,1,0,0,0,36.59,test
24.0,17.8,0.6,0.85,35.625,35.95,35.0975,35.3125,35.6125,35.61,35.5125,35.6275,35.935,35.9275,35.8375,35.9675,35.3775,35.56,35.9675,35.935,34.5825,34.6375,34.89,34.385,34.5725,35.8675,35.1725,36.07,35.945,35.995,0,0,0,0,0,0,0,0,0,1,0,0,0,37.09,test
24.3,17.4,0.6,1.06,35.6175,35.6,34.84,34.5675,35.595,35.595,35.41,35.6175,35.6175,35.6175,35.3375,35.655,35.1425,34.83,35.655,35.6275,34.82,34.825,34.79,34.64,34.7775,35.37,35.1075,35.8725,35.5575,35.575,1,1,0,0,0,0,0,0,0,0,0,0,1,36.69,test
24.2,19.7,0.6,1.0025,36.19,36.29,35.48,35.9,36.495,36.1,36.4775,36.515,36.2875,36.285,36.2275,36.31,36.0625,36.035,36.515,36.495,34.485,33.7525,33.99,34.0975,34.6325,35.49,34.8075,36.6425,36.49,36.51,0,0,0,0,0,0,0,0,0,0,0,0,1,37.39,test
22.8,31.5,0.69,0.795,34.995,34.7025,33.7475,34.155,35.11,35.0925,35.09,35.1175,34.71,34.7075,34.5,34.7375,34.4325,34.345,35.1175,35.11,34.39,34.645,33.9275,34.255,34.2475,34.8925,34.8925,35.7175,35.56,35.6125,0,0,0,1,0,0,0,0,0,1,0,0,0,36.79,test
24.4,37.8,0.6,0.9275,35.48,35.2725,34.9375,34.7075,35.4775,35.45,35.38,35.515,35.2725,35.2725,34.785,35.2925,35.0675,34.5,35.515,35.4775,34.3375,34.5625,34.5,34.2675,34.73,35.3125,35.0475,36.08,36.0325,36.08,0,0,0,0,0,0,0,0,0,0,0,0,1,37.09,test
26.8,28.9,0.63,1.6975,35.9575,35.98,35.68,35.6625,35.9475,35.945,35.8725,35.9725,35.9925,35.9825,35.83,36.0225,35.76,35.59,36.03,36.0025,35.3675,35.6,35.71,35.375,35.4625,36.13,35.965,36.35,36.145,36.165,0,1,0,0,0,0,0,0,0,0,0,0,1,37.24,test
25.0,40.1,0.68,0.9475,35.085,35.1975,34.32,34.4775,35.075,35.0525,34.9425,35.1,35.165,35.1625,35.0,35.1975,34.6975,34.815,35.1975,35.165,34.38,34.32,34.1375,34.1225,34.3425,35.11,34.7775,35.425,35.1675,35.1925,0,0,0,0,0,0,0,0,0,0,0,0,1,36.09,test
24.0,50.4,0.6,1.0525,35.265,35.455,34.925,34.735,35.325,35.25,35.2375,35.34,35.55,35.42,35.55,35.57,35.1325,35.35,35.5675,35.55,34.3125,34.5175,34.6675,34.475,34.3025,35.2175,34.9725,35.81,35.705,35.7325,0,0,0,0,0,0,0,0,0,0,0,0,1,36.59,test
24.3,16.9,0.7,0.7775,34.8975,34.96,33.94,34.1675,35.1675,34.8925,35.155,35.1975,35.06,34.9475,35.06,35.0975,34.6975,34.7775,35.2375,35.2025,33.6275,33.855,33.79,33.625,33.5925,34.63,34.33,35.5175,35.17,35.2025,1,1,0,0,0,0,0,0,1,0,0,0,0,36.64,test
24.1,28.4,0.65,1.18,36.885,36.9925,36.48,36.49,36.8825,36.86,36.84,36.9175,36.97,36.9625,36.8475,36.9925,36.77,36.8125,37.0,36.9725,35.7375,35.8425,35.8525,35.8425,35.7025,36.1475,36.04,37.0575,36.78,36.8,1,0,0,0,0,0,0,0,0,0,0,0,1,38.49,test
25.0,31.3,0.6,0.9275,35.1425,35.0975,34.54,34.525,35.14,35.14,34.8025,35.17,35.1075,35.0625,34.9325,35.1425,34.635,34.645,35.1975,35.175,34.44,34.7275,34.925,34.485,34.685,35.5575,35.115,35.8425,34.9775,35.0375,0,1,0,0,0,0,0,0,1,0,0,0,0,36.84,test
24.7,29.4,0.69,0.6625,35.57,36.2575,34.91,35.7025,35.61,35.5525,35.5725,35.6225,36.2375,36.2375,35.92,36.2575,35.365,35.8375,36.2575,36.2375,34.585,34.6275,34.7,34.475,34.3325,35.4075,35.015,36.3025,35.965,36.0025,1,1,0,0,0,0,0,0,0,0,0,0,1,36.94,test
24.5,39.2,0.6,1.0125,37.6825,37.6625,37.2275,37.2375,37.69,37.6625,37.67,37.71,37.6525,37.6225,37.5825,37.69,37.5875,37.4975,37.7275,37.705,36.015,35.89,35.635,35.94,36.2275,36.525,36.3925,37.7275,36.6425,36.6575,0,0,0,0,0,0,0,0,1,0,0,0,0,38.69,test
23.7,13.3,0.6,0.94,35.565,35.4775,34.59,34.7225,35.6175,35.535,35.5775,35.6575,35.4875,35.4875,35.4025,35.505,35.355,35.16,35.7175,35.69,34.65,34.7825,34.94,34.8,34.83,35.335,35.2225,36.02,35.7425,35.785,0,0,0,1,0,0,0,0,0,0,0,0,1,36.89,test
24.0,26.0,0.8,0.8275,35.1325,35.2025,34.5275,34.5825,35.13,35.1225,35.05,35.1475,35.215,35.1875,35.0625,35.2375,34.9525,34.7775,35.25,35.2275,34.1925,34.2825,34.48,34.285,34.2425,34.86,34.6925,35.85,35.8175,35.85,0,0,1,0,0,0,0,0,0,0,0,0,1,36.99,test
24.1,31.3,0.6,0.175,35.19,35.3325,34.66,34.9975,35.3275,35.265,35.285,35.35,35.32,35.32,35.0725,35.3325,34.9175,35.0275,35.355,35.34,34.415,34.4475,34.125,34.6425,34.3325,34.8025,34.72,35.455,35.36,35.3875,1,1,0,0,0,0,0,0,0,0,0,0,1,36.94,test
26.3,20.7,0.6,1.1225,36.56,36.92,36.1675,36.455,36.9025,36.9025,36.5175,36.955,37.0025,36.945,36.9825,37.03,35.945,36.6975,37.155,37.1275,36.53,36.7275,36.575,36.425,36.855,37.68,37.3425,37.96,37.7775,37.8125,0,0,0,0,0,0,0,0,1,0,0,0,0,39.09,test
25.8,31.5,79.0,1.3075,35.2125,35.265,33.7725,33.975,35.51,35.21,35.5,35.54,35.29,35.29,35.125,35.3225,34.78,34.755,35.54,35.51,34.265,34.475,34.4875,34.095,34.3525,35.1125,34.9425,36.2425,36.08,36.1225,0,0,0,0,0,1,0,0,0,0,0,0,1,37.24,test
25.0,39.8,0.6,1.245,35.815,35.525,34.295,34.01,35.77,35.685,35.755,35.815,35.795,35.455,35.795,35.845,35.635,35.35,35.86,35.81,34.84,35.02,34.925,34.715,34.595,35.415,35.31,35.86,35.415,35.435,1,0,0,1,0,0,0,0,0,0,1,0,0,37.29,test
24.4,23.8,0.6,1.3025,35.6775,35.3525,35.285,34.895,35.695,35.6625,35.665,35.71,35.39,35.3675,35.3325,35.41,35.5725,35.05,35.71,35.695,34.415,34.7975,34.6375,34.59,34.69,35.3475,34.985,35.95,35.535,35.5575,1,0,0,0,0,0,0,0,0,0,0,0,0,37.09,test
23.5,13.5,0.6,0.7375,34.3725,34.8425,33.825,34.38,34.4475,34.4175,34.315,34.4825,34.95,34.95,34.45,35.005,34.165,34.3575,35.005,34.95,34.3175,34.1475,34.2775,34.125,34.6375,34.975,34.845,35.175,34.7725,34.7975,0,0,0,1,0,0,0,0,1,0,0,0,0,36.94,test
23.5,34.7,0.78,0.78,35.01,35.585,34.5325,35.0875,34.9925,34.9925,34.865,35.015,35.55,35.55,35.0075,35.585,34.6825,34.485,35.5875,35.5575,34.6925,34.5275,33.92,34.7275,34.2725,35.1625,34.9675,36.2125,36.17,36.2125,0,0,0,1,0,0,0,0,0,1,0,0,0,36.74,test
22.9,24.1,0.74,1.14,34.745,34.74,34.1375,34.185,34.785,34.785,34.605,34.8325,34.8175,34.8175,34.5325,34.8275,34.5325,34.44,34.8675,34.8425,34.1475,33.9475,34.2325,34.09,34.24,35.3375,34.7975,35.4825,35.295,35.33,0,1,0,0,0,0,0,0,1,0,0,0,0,36.54,test
25.6,35.1,0.6,1.0925,35.1325,35.45,34.6,34.8925,35.3375,35.08,35.3375,35.3675,35.5025,35.4525,35.49,35.5175,35.0275,35.28,35.5175,35.5025,34.69,34.4175,34.6925,34.405,35.0,35.6075,35.3825,35.875,35.6525,35.68,0,0,0,0,0,0,0,0,1,0,0,0,0,37.14,test
24.0,24.6,0.6,1.22,35.2,35.045,34.375,34.3325,35.205,35.19,35.1375,35.235,35.165,35.1475,35.0525,35.1925,35.0175,34.7225,35.26,35.24,34.9775,34.92,35.0375,34.82,34.715,35.325,35.1525,35.8675,35.8075,35.855,0,0,0,0,1,0,0,0,1,0,0,0,0,37.04,test
20.8,59.7,0.7,0.5775,35.3675,35.505,34.8775,35.0425,35.37,35.3525,35.31,35.4,35.47,35.47,35.1,35.5075,35.06,35.0175,35.505,35.4725,34.365,34.11,33.3225,33.5275,33.99,34.75,34.6075,35.745,35.5575,35.58,1,1,0,0,0,0,0,0,0,0,0,0,1,36.94,test
24.0,13.5,0.6,0.8625,35.495,35.2975,34.55,34.88,35.49,35.47,35.4125,35.515,35.295,35.2925,35.15,35.315,35.3075,34.9275,35.515,35.49,34.595,34.7625,34.875,34.6575,34.5925,35.31,35.0925,35.735,35.3375,35.3775,1,1,0,0,0,0,0,0,0,1,0,0,0,36.74,test
24.3,16.9,0.6,1.0125,35.265,35.885,34.35,34.7925,35.2525,35.2525,35.0325,35.2675,35.8325,35.8325,35.425,35.8875,34.55,35.1575,35.885,35.8325,34.18,34.445,34.5,34.235,34.015,34.7875,34.7325,36.07,35.7625,35.79,0,0,0,0,0,0,1,0,0,1,0,0,0,37.09,test
23.6,16.0,0.6,0.695,35.4875,35.515,34.965,35.1325,35.4375,35.4375,35.17,35.4875,35.4825,35.4825,35.34,35.5175,34.9275,35.1175,35.5175,35.495,34.38,34.4775,35.0225,34.2975,34.61,35.33,35.155,35.76,35.6275,35.66,1,0,0,0,0,0,0,0,0,0,0,0,1,36.84,test
23.7,20.4,0.7,0.91,35.3675,35.5,34.9125,34.9975,35.4225,35.3525,35.25,35.4425,35.5,35.4725,35.4425,35.525,35.0675,35.3425,35.525,35.5,34.2525,34.3825,34.2475,34.07,34.6225,35.21,34.885,35.8725,35.545,35.5875,0,1,0,0,0,0,0,0,0,0,0,0,1,36.89,test
20.2,57.6,0.69,-0.2075,34.9775,34.885,33.7025,33.955,35.165,34.82,34.93,35.19,34.9075,34.85,34.7475,34.9325,34.3375,34.5175,35.1875,35.1625,33.375,32.9975,33.3825,33.015,33.675,34.2425,33.985,35.5625,35.3075,35.355,0,1,0,0,0,0,0,0,0,0,0,0,1,36.89,test
23.0,33.0,0.65,0.67,34.7025,35.0775,33.99,34.4125,35.02,34.6775,35.02,35.0525,35.245,35.045,35.23,35.2825,34.515,34.9575,35.2825,35.245,33.9525,33.64,33.83,34.03,34.165,34.7875,34.3575,36.005,35.7475,35.7825,0,1,0,0,0,0,0,0,0,1,0,0,0,36.69,test
23.4,17.8,0.6,0.79,34.89,34.89,33.9525,34.2625,35.0875,34.9625,34.825,35.1575,34.89,34.8825,34.655,34.9475,34.4825,34.385,35.465,35.4275,34.3125,33.855,33.99,34.13,34.315,35.395,34.6775,35.8425,35.7625,35.8175,0,1,0,0,0,0,0,0,1,0,0,0,0,36.89,test
24.3,50.4,0.6,1.0625,35.295,35.415,34.2475,35.0075,35.29,35.235,35.2675,35.315,35.39,35.39,35.3125,35.415,34.92,35.1225,35.415,35.3875,34.69,34.82,34.6675,34.375,34.6525,35.215,35.09,35.7625,35.7225,35.7625,1,0,0,0,0,0,0,0,0,0,0,0,1,36.94,test
26.0,31.0,0.8,1.0675,35.89,35.765,35.4225,35.28,35.835,35.835,35.605,35.89,35.7325,35.7325,35.52,35.765,35.59,35.52,35.89,35.835,35.255,35.3525,35.375,35.215,35.01,35.635,35.4875,36.205,35.975,36.02,1,0,0,0,0,0,0,0,0,0,0,1,0,36.89,test
25.5,14.9,0.68,1.095,35.945,36.0125,35.375,35.24,35.965,35.92,35.92,35.985,36.13,36.13,35.825,36.1675,35.56,35.045,36.1675,36.13,34.5675,34.28,34.4775,34.1875,34.4975,35.17,34.805,36.31,36.0325,36.055,1,0,0,0,0,0,0,0,0,0,0,0,1,37.04,test
24.2,19.2,0.65,0.8675,35.4475,35.4575,33.495,33.63,35.9,35.53,35.9,35.925,35.82,35.765,35.8,35.8625,34.5925,34.8925,35.925,35.9,34.855,34.83,35.05,34.6775,34.8725,35.33,35.2525,36.0825,35.88,35.91,1,0,0,1,0,0,0,0,0,0,0,0,1,36.74,test
24.8,40.5,0.7,0.975,37.1575,36.9425,36.6175,36.555,37.125,37.125,36.93,37.1575,36.9375,36.9325,36.8125,36.955,36.51,36.56,37.1575,37.125,36.2875,36.3225,36.375,36.0925,36.54,36.8,36.67,37.4675,37.2125,37.2475,0,0,0,0,0,0,0,0,0,0,0,0,1,38.59,test
24.7,59.1,0.6,1.1625,35.93,35.9925,35.5425,35.6,35.91,35.91,35.6825,35.9325,36.0625,36.0625,35.4925,36.105,35.4775,35.3625,36.12,36.0825,35.485,35.5475,35.3875,35.2725,35.6275,36.025,35.855,36.345,36.1175,36.15,1,1,0,0,0,0,0,0,1,0,0,0,0,37.39,test
27.2,48.5,0.6,1.775,35.8975,35.895,35.5925,35.5625,35.8825,35.8825,35.55,35.9025,35.8625,35.8625,35.5625,35.895,35.4925,35.46,35.95,35.9275,34.75,34.815,34.89,34.9,34.6325,35.6625,35.055,36.195,35.91,35.9375,1,0,0,0,0,0,0,0,0,1,0,0,0,36.84,test
24.5,15.5,0.6,0.8725,35.925,35.6125,35.435,35.23,35.9175,35.9175,35.775,35.93,35.605,35.59,35.58,35.6325,35.755,35.2025,35.93,35.9175,34.7025,35.0025,34.72,34.8225,34.8475,35.5675,35.27,36.2825,36.27,36.2825,1,0,0,0,0,0,0,0,0,0,0,0,1,36.89,test
23.8,47.1,0.76,1.3,34.905,35.0125,34.595,34.7625,35.0275,35.0275,34.5175,35.0475,34.9925,34.9925,34.775,35.02,34.355,34.58,35.2525,35.2275,34.8175,34.4325,34.7225,34.495,34.8575,35.3275,35.085,35.9775,35.8725,35.9075,0,1,0,0,0,0,0,0,1,0,0,0,0,36.99,test
23.4,50.3,0.74,0.8375,36.0525,35.485,35.4775,35.0325,36.095,36.095,35.4225,36.14,35.465,35.465,35.2,35.5025,35.265,34.7675,36.14,36.0925,34.495,34.055,33.76,34.0,34.615,35.1375,34.965,36.385,36.18,36.1925,0,0,0,0,0,0,0,0,0,0,1,0,0,37.04,test
23.5,13.9,0.74,0.96,36.02,35.55,35.735,34.8,36.0075,35.9975,35.9125,36.025,35.545,35.545,35.2925,35.585,35.7475,34.705,36.025,36.0075,35.02,34.7225,34.1125,34.62,35.1975,35.6925,35.43,36.205,35.39,35.4275,1,0,0,0,0,0,0,0,0,0,0,0,1,37.14,test
25.0,23.3,0.6,1.635,35.2925,35.4925,34.4725,34.71,35.3775,35.3525,35.3275,35.4025,35.51,35.51,35.41,35.5275,34.9225,34.975,35.5775,35.55,34.775,34.785,34.7,34.6075,34.765,35.3825,34.985,35.835,35.315,35.37,0,0,0,0,0,0,0,0,0,1,0,0,0,36.79,test
21.1,57.8,0.69,0.5425,35.705,35.665,35.23,34.6875,35.6975,35.6975,35.6075,35.7075,35.6575,35.6425,35.5975,35.6825,35.3675,35.4175,35.73,35.715,34.005,34.4825,34.555,34.275,34.035,34.845,34.8025,36.0025,35.855,35.8875,1,0,0,1,0,0,0,0,0,0,0,0,1,36.99,test
